price,bd&ba,sqft,address
"689,000","3bd,3ba","2,235","7368 Flowerwood Way,, ,Sacramento, CA 95831"
"625,000","4bd,3ba","2,299","3707 Iskenderun Ave,, ,Sacramento, CA 95834"
"224,500","1bd,1ba",667,"4200 E Commerce Way #1113,, ,Sacramento, CA 95834"
"340,000","3bd,2ba","1,084","6 Ashley Oaks Ct,, ,Sacramento, CA 95815"
"399,000","3bd,2ba","1,394","7970 Bastien Ct,, ,Sacramento, CA 95828"
"180,000","2bd,1ba",840,"49 La Fresa Ct #3,, ,Sacramento, CA 95823"
"409,900","3bd,1ba","1,018","7230 25th Ave,, ,Sacramento, CA 95820"
"545,000","3bd,2ba","2,013","5538 Elkhart St,, ,Sacramento, CA 95835"
"291,000","1bd,2ba","1,125","4800 Westlake Pkwy #1506,, ,Sacramento, CA 95835"
"890,000","5bd,3ba","3,420 (on 0.50 acres)","3010 Dorlaine Ct,, ,Sacramento, CA 95821"
"399,900","3bd,1ba","1,149 (on 0.25 acres)","3654 Edison Ave,, ,Sacramento, CA 95821"
"459,000","2bd,1ba","1,324","3735 4th Ave,, ,Sacramento, CA 95817"
"499,000","3bd,2ba","1,716","8412 Bernardo Ct,, ,Sacramento, CA 95828"
"549,900","3bd,3ba","1,584","3759 Douglas Fir Ct,, ,Antelope, CA 95843"
"575,000","4bd,3ba","2,219","23 Sabre Ct,, ,Sacramento, CA 95835"
"399,000","4bd,2ba","1,184","3736 Moonbeam Dr,, ,Sacramento, CA 95827"
"59,900","2bd,2ba","1,440","4900 Arbor Dr #18,, ,Sacramento, CA 95834"
"499,900","3bd,3ba","1,697","4948 Madamin Way,, ,Sacramento, CA 95835"
"555,000","4bd,3ba","2,090","3349 Myna Way,, ,Sacramento, CA 95834"
"550,000",Studio,"3,180","715 Dixieanne Ave,, ,Sacramento, CA 95815"
"429,000","3bd,2ba","1,160","8100 Cardale Way,, ,Sacramento, CA 95829"
"565,000",2bd,"2,030","4700 Large Oak Ct,, ,Sacramento, CA 95841"
"589,000","3bd,1ba","1,000","1001 Fremont Way,, ,Sacramento, CA 95818"
"1,295,000","5bd,5ba","3,651","2612 American River Dr,, ,Sacramento, CA 95864"
"597,000",2bd,"2,442","2700 Matheson Way,, ,Sacramento, CA 95864"
"599,900","3bd,3ba","1,645 (on 0.25 acres)","3233 Windsor Dr,, ,Sacramento, CA 95864"
"620,000","2bd,2ba","2,195","2536 Aspen Valley Ln,, ,Sacramento, CA 95835"
"455,500","4bd,2ba","1,838 (on 0.25 acres)","2620 Granite Way,, ,Sacramento, CA 95821"
"359,900","2bd,2ba","1,193","1900 Danbrook Dr #316,, ,Sacramento, CA 95835"
"599,000","4bd,2ba","1,984","430 Windward Way,, ,Sacramento, CA 95831"
"620,000","4bd,2ba","2,097","2 Olivia Pl,, ,Sacramento, CA 95835"
"515,000","4bd,2ba","1,887","3213 Oriole Way,, ,Antelope, CA 95843"
"779,900","3bd,2ba","1,388","57 Taylor Way,, ,Sacramento, CA 95819"
"555,000","3bd,2ba","1,722","5325 Kankakee Dr,, ,Sacramento, CA 95835"
"399,000",Studio,"1,623 (on 0.75 acres)","5653 Martin Luther King Jr Blvd,, ,Sacramento, CA 95824"
"599,000","3bd,2ba","1,144 (on 0.75 acres)","5001 Dry Creek Rd,, ,Sacramento, CA 95838"
"575,000","3bd,2ba","1,471","4513 Juno Way,, ,Sacramento, CA 95864"
"500,000","3bd,3ba","1,762","1835 Silver Almond Ln,, ,Sacramento, CA 95834"
"720,000","3bd,2ba","2,225 (on 0.25 acres)","5326 Constellation Way,, ,Sacramento, CA 95841"
"434,900+","2bd,3ba","1,229","Wickford Square,, ,Sacramento, CA 95823"
"1,156,641+","4bd,3ba","2,202","Sutter Park,, ,Sacramento, CA 95819"
"650,000","3bd,1ba","1,165","3195 McKinley Blvd,, ,Sacramento, CA 95816"
"989,000",Studio,"2,982","1003 40th St,, ,Sacramento, CA 95819"
"998,888","3bd,4ba","2,694","809 W Cove Way,, ,Sacramento, CA 95831"
"215,000","1bd,1ba",682,"2241 Woodside Ln #2,, ,Sacramento, CA 95825"
"699,900","3bd,3ba","1,897 (on 1.75 acres)","4641 Creek Rd,, ,Sacramento, CA 95841"
"449,777","3bd,1ba","1,209","2600 Verna Way,, ,Sacramento, CA 95821"
"425,000","4bd,3ba","1,686","5195 Ehrhardt Ave,, ,Sacramento, CA 95823"
"459,900",2bd,"1,638","2509 Michelle Dr,, ,Sacramento, CA 95821"
"349,000","3bd,2ba","1,440","3248 Normington Dr,, ,Sacramento, CA 95833"
"290,000","3bd,1ba","1,001","2004 Janice Ave,, ,Sacramento, CA 95821"
"455,000","4bd,2ba","1,353","3557 Granby Dr,, ,Sacramento, CA 95827"
"410,000","3bd,2ba","1,272","6425 Channing Dr,, ,North Highlands, CA 95660"
"549,000","4bd,2ba","2,017","3200 La Madera Way,, ,Antelope, CA 95843"
"900,000","3bd,2ba","2,517 (on 0.50 acres)","3000 Dorlaine Ct,, ,Sacramento, CA 95821"
"375,000","3bd,1ba","1,008","4100 Lantana Ave,, ,Sacramento, CA 95824"
"685,000",2bd,"2,185","3323 Routier Rd,, ,Sacramento, CA 95827"
"455,000",2bd,"1,025","8501 German Dr,, ,Sacramento, CA 95828"
"795,000","3bd,3ba","2,322 (on 0.25 acres)","2275 University Ave,, ,Sacramento, CA 95825"
"509,990+","4bd,4ba","2,298","Provence,, ,Sacramento, CA 95834"
"488,990+","3bd,3ba","1,417","Glendon Vineyards,, ,Sacramento, CA 95829"
"450,000","5bd,2ba","1,684","4301 36th St,, ,Sacramento, CA 95820"
"349,999","4bd,1ba",970,"224 Redondo Ave,, ,Sacramento, CA 95815"
"1,199,000",4bd,"3,046","2425 33rd St,, ,Sacramento, CA 95817"
"673,490+","4bd,3ba","2,689","Redwood Collection at Parkside,, ,Sacramento, CA 95829"
"472,990+","3bd,3ba","1,467","Citrine at Barrett Ranch,, ,Antelope, CA 95843"
"459,900+","3bd,3ba","1,434","Wickford Square,, ,Sacramento, CA 95823"
"549,900","4bd,2ba","2,190","2324 Glen Ellen Cir,, ,Sacramento, CA 95822"
"775,000","4bd,3ba","2,845 (on 0.25 acres)","2422 Minden Way,, ,Sacramento, CA 95835"
"675,000","4bd,3ba","2,517","293 Rivertree Way,, ,Sacramento, CA 95831"
"760,000","3bd,3ba","1,323","2680 17th St,, ,Sacramento, CA 95818"
"495,000","4bd,3ba","1,940 (on 0.25 acres)","7980 Sewell Ct,, ,Sacramento, CA 95828"
"459,900","3bd,2ba","1,456","5712 Raybel Ave,, ,Sacramento, CA 95841"
"659,999","4bd,2ba","2,126","4683 Windsong St,, ,Sacramento, CA 95834"
"635,000","4bd,3ba","2,011","4250 Pearl Wood Way,, ,Antelope, CA 95843"
"495,500","2bd,2ba","1,163","2257 Swarthmore Dr,, ,Sacramento, CA 95825"
"1,775,000","5bd,5ba","3,856 (on 0.75 acres)","3521 Arden Creek Rd,, ,Sacramento, CA 95864"
"550,000","3bd,2ba","1,697","9217 Heathfield Way,, ,Sacramento, CA 95829"
"199,500","2bd,1ba",924,"4702 Greenholme Dr #4,, ,Sacramento, CA 95842"
"480,000","3bd,3ba","1,709","1624 Bridgecreek Dr,, ,Sacramento, CA 95833"
"477,000","3bd,2ba","1,593","4 Deja Ct,, ,Sacramento, CA 95838"
"425,000","3bd,2ba","1,320","5336 Harrison St,, ,North Highlands, CA 95660"
"399,000","3bd,2ba","1,261","4129 Ernestine Way,, ,North Highlands, CA 95660"
"535,000","4bd,2ba","1,504","581 Summer Garden Way,, ,Sacramento, CA 95833"
"450,000","2bd,2ba",783,"3250 X St,, ,Sacramento, CA 95817"
"425,000","3bd,2ba","1,402","9820 Heartwood Way,, ,Sacramento, CA 95827"
"329,900","3bd,2ba","1,053","2123 Florin Rd,, ,Sacramento, CA 95822"
"628,000","5bd,3ba","2,347","8 Basin Ct,, ,Elk Grove, CA 95758"
"374,310+","2bd,2ba","1,362","Portisol at Artisan Square,, ,Sacramento, CA 95835"
"869,990+","3bd,4ba","1,989","L32,, ,Sacramento, CA 95816"
"469,900+","3bd,3ba","1,562","Wickford Square,, ,Sacramento, CA 95823"
"571,950+","3bd,3ba","1,900","Woodberry at Bradshaw Crossing,, ,Sacramento, CA 95829"
"558,990+","4bd,3ba","1,945","Antinori at Vineyard Creek,, ,Sacramento, CA 95829"
"515,990+","3bd,3ba","1,454","Antinori at Vineyard Creek,, ,Sacramento, CA 95829"
"699,990+","2bd,3ba","1,618","Icon @ 14th & C,, ,Sacramento, CA 95814"
"499,950+","2bd,2ba","1,280","Woodberry at Bradshaw Crossing,, ,Sacramento, CA 95829"
"419,000","3bd,2ba","1,274","4033 Birchgrove Way,, ,Sacramento, CA 95826"
"399,000","3bd,2ba","1,344","8485 Sunnybrae Dr,, ,Sacramento, CA 95823"
"529,000","4bd,2ba","1,713","8928 Sonoma Valley Way,, ,Sacramento, CA 95829"
"489,990+","3bd,3ba","1,565","Citrine at Barrett Ranch,, ,Antelope, CA 95843"
"465,990+","3bd,3ba","1,408","Citrine at Barrett Ranch,, ,Antelope, CA 95843"
"759,990+","3bd,4ba","1,704","Icon @ 14th & C,, ,Sacramento, CA 95814"
"504,990+","3bd,3ba","1,892","Citrine at Barrett Ranch,, ,Antelope, CA 95843"
"500,990+","3bd,3ba","1,535","Glendon Vineyards,, ,Sacramento, CA 95829"
"375,000",,217 Silver Eagle Rd,"217 Silver Eagle Rd,, ,Sacramento, CA 95838"
"383,990+","3bd,3ba","1,492","Mystique,, ,Sacramento, CA 95835"
"899,990+","3bd,4ba","2,044","L32,, ,Sacramento, CA 95816"
"1,173,400+","4bd,3ba","2,515","Sutter Park,, ,Sacramento, CA 95819"
"455,000","3bd,2ba","1,355","7221 Bobcat Ct,, ,North Highlands, CA 95660"
"400,000","2bd,1ba","1,064","3626 Bret Harte Ct,, ,Sacramento, CA 95817"
"514,900+","4bd,3ba","1,843","Wickford Square,, ,Sacramento, CA 95823"
"447,305+","3bd,3ba","1,761","Portisol at Artisan Square,, ,Sacramento, CA 95835"
"1,348,632+","4bd,4ba","2,707","Sutter Park,, ,Sacramento, CA 95819"
"499,900+","4bd,3ba","1,826","Wickford Square,, ,Sacramento, CA 95823"
"525,990+","3bd,3ba","1,638","Antinori at Vineyard Creek,, ,Sacramento, CA 95829"
"580,000","4bd,2ba","1,521","134 Glenville Cir,, ,Sacramento, CA 95826"
"929,000","3bd,3ba","2,489 (on 0.50 acres)","3369 Sierra Oaks Dr,, ,Sacramento, CA 95864"
"415,000","3bd,2ba","1,144","2956 Naples St,, ,Sacramento, CA 95826"
"456,000","3bd,2ba","1,438","8109 Phinney Dr,, ,Sacramento, CA 95823"
"456,000","3bd,3ba","1,568","5260 Yvette Way,, ,Sacramento, CA 95823"
"249,000","2bd,1ba",956,"650 Del Verde Cir #1,, ,Sacramento, CA 95833"
"749,900","3bd,2ba","2,721","582 Blackwood St,, ,Sacramento, CA 95815"
"315,000","3bd,2ba","1,035","4200 E Commerce Way #1311,, ,Sacramento, CA 95834"
"349,900","3bd,1ba","1,132","1936 Silica Ave,, ,Sacramento, CA 95815"
"389,000","3bd,2ba","1,155","4732 Don Julio Blvd,, ,Sacramento, CA 95842"
"399,888","3bd,2ba","1,843","60 Tristan Cir,, ,Sacramento, CA 95823"
"435,000","3bd,3ba","1,422","4837 Gannet Way,, ,Sacramento, CA 95842"
"699,990+","3bd,4ba","1,662","Icon @ 14th & C,, ,Sacramento, CA 95814"
"335,000","3bd,1ba",988,"2307 Wyda Way,, ,Sacramento, CA 95825"
"870,000","3bd,2ba","1,774 (on 0.25 acres)","1731 Rolling Hills Rd,, ,Sacramento, CA 95864"
"330,000","3bd,2ba",967,"6042 Ogden Nash Way,, ,Sacramento, CA 95842"
"469,000","4bd,3ba","1,881","3330 Scotland Dr,, ,Antelope, CA 95843"
"210,000","2bd,1ba",924,"4537 Palm Ave #4,, ,Sacramento, CA 95842"
"375,000",2bd,"1,450","5840 Nina Way,, ,Sacramento, CA 95824"
"2,275,000",1bd,1 (on 4.75 acres),"80 South Ave,, ,Sacramento, CA 95838"
"449,000","3bd,1ba","1,039","5523 22nd Ave,, ,Sacramento, CA 95820"
"34,900","1bd,1ba",660,"7755 Whispering Palms Dr,, ,Sacramento, CA 95823"
"95,000","2bd,2ba","1,344","6225 Tyee Ave,, ,Sacramento, CA 95841"
"799,900","3bd,2ba","1,786","2030 7th Ave,, ,Sacramento, CA 95818"
"139,950","2bd,2ba","1,248","82 Amapola Ave,, ,Sacramento, CA 95828"
"699,000","5bd,4ba","2,811","9541 Madora Way,, ,Sacramento, CA 95829"
"439,000",,7001 Garden Hwy,"7001 Garden Hwy,, ,Sacramento, CA 95837"
"369,000","3bd,2ba","1,119","2253 67th Ave,, ,Sacramento, CA 95822"
"525,000","2bd,2ba","1,538","511 Pelican Bay Cir,, ,Sacramento, CA 95835"
"750,000","5bd,4ba","2,811","9540 Ballinger Dr,, ,Sacramento, CA 95829"
"285,000","2bd,1ba",874,"1023 Las Palmas Ave,, ,Sacramento, CA 95815"
"885,000","5bd,3ba","2,401","5332 T St,, ,Sacramento, CA 95819"
"329,000","2bd,1ba",804,"1819 Markston Rd,, ,Sacramento, CA 95825"
"595,000","3bd,3ba","2,049","3912 Samuelson Way,, ,Sacramento, CA 95834"
"320,000","2bd,2ba",900,"5970 Sampson Blvd,, ,Sacramento, CA 95824"
"259,950","3bd,1ba","1,303 (on 0.25 acres)","3812 N Don Julio Blvd,, ,North Highlands, CA 95660"
"325,000","3bd,1ba","1,011","7339 Salazar Dr,, ,North Highlands, CA 95660"
"430,000","3bd,2ba","1,362","7854 Caber Way,, ,Antelope, CA 95843"
"450,000",2bd,"3,188 (on 0.50 acres)","1535 Arcade Blvd,, ,Sacramento, CA 95815"
"455,000","3bd,3ba","1,771","8339 Cypress Lake Ct,, ,Antelope, CA 95843"
"399,000","3bd,2ba","1,288","3312 S Port Dr,, ,Sacramento, CA 95826"
"418,500","3bd,2ba","1,344","4136 Strathmore Way,, ,North Highlands, CA 95660"
"540,000","2bd,1ba","1,126","2216 24th St,, ,Sacramento, CA 95818"
"365,000","3bd,2ba","1,144","5730 47th Ave,, ,Sacramento, CA 95824"
"494,000","3bd,3ba","1,852","8320 Stonybeck Cir,, ,Sacramento, CA 95828"
"455,500","4bd,2ba","1,838 (on 0.25 acres)","2620 Granite Way,, ,Sacramento, CA 95821"
"350,000","2bd,1ba",816,"2970 36th Ave,, ,Sacramento, CA 95824"
"255,000","2bd,2ba","1,190","2406 Post Oak Ln,, ,Sacramento, CA 95825"
"539,000","3bd,3ba","1,885","3853 Fong Ranch Rd,, ,Sacramento, CA 95834"
"495,000","4bd,2ba","1,755","3 Coles Point Ct,, ,Sacramento, CA 95823"
"440,000","3bd,3ba","1,537","167 River Run Cir,, ,Sacramento, CA 95833"
"444,990","3bd,2ba","1,128","7530 Saint Story Ct,, ,Sacramento, CA 95842"
"449,888","3bd,3ba","1,836","6200 Fowler Ave,, ,Sacramento, CA 95828"
"450,000","3bd,2ba","1,362","8068 Montevina Dr,, ,Sacramento, CA 95829"
"375,000",2bd,"1,426","7700 33rd Ave,, ,Sacramento, CA 95824"
"499,000","3bd,2ba","1,271","5941 15th Ave,, ,Sacramento, CA 95820"
"879,000","3bd,4ba","2,275","1022 D St,, ,Sacramento, CA 95814"
"389,999","4bd,2ba","1,284","30 Decathlon Cir,, ,Sacramento, CA 95823"
"270,000","3bd,1ba",979,"5651 79th St,, ,Sacramento, CA 95824"
"467,900","3bd,2ba","1,302","5363 Birk Way,, ,Sacramento, CA 95835"
"429,000","3bd,3ba","1,720","3357 Auntine Burney St,, ,Sacramento, CA 95838"
"359,000","2bd,1ba",778 (on 0.25 acres),"5348 Poplar Blvd,, ,North Highlands, CA 95660"
"399,000","3bd,2ba","1,797","401 Kesner Ave,, ,Sacramento, CA 95838"
"799,900","5bd,3ba","3,686 (on 0.50 acres)","4823 Graduates Ln,, ,Sacramento, CA 95841"
"1,755,000",,270 South Ave,"270 South Ave,, ,Sacramento, CA 95838"
"350,000","2bd,3ba","1,288","4800 Westlake Pkwy #903,, ,Sacramento, CA 95835"
"636,950+","4bd,3ba","2,620","Woodberry at Bradshaw Crossing,, ,Sacramento, CA 95829"
"516,990+","4bd,3ba","1,705","Glendon Vineyards,, ,Sacramento, CA 95829"
"349,000","2bd,2ba",927,"7216 Willow Wind Ct,, ,Sacramento, CA 95828"
"500,000","4bd,2ba","1,577","7845 Kelvedon Way,, ,Sacramento, CA 95829"
"949,000","4bd,4ba","3,695","7738 Oakshore Dr,, ,Sacramento, CA 95831"
"350,000","4bd,2ba","1,494","2188 Cambridge St,, ,Sacramento, CA 95815"
"379,000","3bd,2ba","1,581","5913 Hillsdale Blvd,, ,Sacramento, CA 95842"
"690,000","5bd,3ba","3,319","8876 Skipjack Way,, ,Sacramento, CA 95828"
"419,900","3bd,2ba","1,190","6400 Walerga Rd,, ,North Highlands, CA 95660"
"459,500","4bd,3ba","1,734","2284 Atrisco Cir,, ,Sacramento, CA 95833"
"475,000","3bd,2ba","1,490","2554 Natomas Crossing Dr,, ,Sacramento, CA 95834"
"425,000","2bd,2ba","1,085","3809 2nd Ave,, ,Sacramento, CA 95817"
"479,900","3bd,2ba","1,327","8429 Story Ridge Way,, ,Antelope, CA 95843"
"399,900","3bd,2ba","1,018","7244 Dieppe Way,, ,Sacramento, CA 95842"
"558,000","4bd,3ba","2,211","2659 Mabry Dr,, ,Sacramento, CA 95835"
"459,900","3bd,2ba","1,284","9138 Colonsay Way,, ,Sacramento, CA 95829"
"349,900","3bd,2ba","1,032","Address Not Disclosed,, ,Sacramento, CA 95838"
"329,900","3bd,1ba",984 (on 0.50 acres),"430 Lampasas Ave,, ,Sacramento, CA 95815"
"242,900","2bd,1ba","840 (on 1,910 acres)","5160 Connecticut Dr #3,, ,Sacramento, CA 95841"
"310,000","3bd,1ba",864,"613 Lindsay Ave,, ,Sacramento, CA 95838"
"320,000","2bd,2ba",940,"3549 Treleaven Ct,, ,Antelope, CA 95843"
"615,000","4bd,3ba","2,193","5846 Da Vinci Way,, ,Sacramento, CA 95835"
"359,900","3bd,3ba","1,632","601 Woodside Sierra #2,, ,Sacramento, CA 95825"
"1,589,000","3bd,3ba","2,450","1301 37th St,, ,Sacramento, CA 95816"
"449,000","3bd,3ba","1,318","1217 Golden Angel Way,, ,Sacramento, CA 95838"
"499,900","3bd,2ba","1,327","23 Waterglen Cir,, ,Sacramento, CA 95826"
"599,000","3bd,1ba","1,150","3402 C St,, ,Sacramento, CA 95816"
"319,000","2bd,2ba","1,114","5881 Gloria Dr #5,, ,Sacramento, CA 95822"
"495,000",4bd,"1,852","5125 Rescue Ct,, ,Sacramento, CA 95841"
"370,000","3bd,1ba","1,120","6655 Demaret Dr,, ,Sacramento, CA 95822"
"589,000","3bd,2ba","1,726 (on 0.25 acres)","2424 Roslyn Way,, ,Sacramento, CA 95864"
"453,200","2bd,2ba",886,"7232 Old Nave Ct,, ,Sacramento, CA 95842"
"514,900","2bd,2ba","1,247","346 Zephyr Ranch Dr,, ,Sacramento, CA 95831"
"325,000","2bd,1ba",806,"2181 Cambridge St,, ,Sacramento, CA 95815"
"1,755,000",,260 South Ave,"260 South Ave,, ,Sacramento, CA 95838"
"84,900","2bd,2ba","1,056","7548 Hazelnut Ln #94,, ,Sacramento, CA 95828"
"29,900","2bd,1ba",560,"7726 Whispering Palms Dr,, ,Sacramento, CA 95823"
"541,000","3bd,3ba","1,629","8413 Oakenshield Cir,, ,Antelope, CA 95843"
"424,900","3bd,2ba","1,075","3621 Rancho Vista Way,, ,Sacramento, CA 95834"
"249,000","2bd,2ba","1,040","5922 Clover Manor Way,, ,Sacramento, CA 95824"
"430,000","4bd,2ba","1,300","6 Nunes Ct,, ,Sacramento, CA 95823"
"429,000","3bd,2ba","1,132","8652 Fobes Dr,, ,Antelope, CA 95843"
"529,100","3bd,1ba","1,486","2120 Weldon Way,, ,Sacramento, CA 95825"
"453,000","3bd,2ba","1,182","4205 Gold Ridge Way,, ,Antelope, CA 95843"
"879,000","3bd,3ba","2,099 (on 0.25 acres)","3351 Ben Lomond Dr,, ,Sacramento, CA 95821"
"569,950",2bd,"2,552","1405 Topaz Way,, ,Sacramento, CA 95864"
"339,000","2bd,3ba","1,200","2294 Sierra Blvd #A,, ,Sacramento, CA 95825"
"424,900","3bd,2ba","1,361","4901 Adorn Ct,, ,Sacramento, CA 95842"
"370,000","2bd,1ba",899,"2433 Laredo Rd,, ,Sacramento, CA 95825"
"374,900","4bd,1ba","1,039","5401 Cabrillo Way,, ,Sacramento, CA 95820"
"629,900","3bd,3ba","2,444","5467 Dunlay Dr,, ,Sacramento, CA 95835"
"949,000","3bd,3ba","2,417","2921 Latham Dr,, ,Sacramento, CA 95864"
"510,000","4bd,3ba","2,060","3928 Tawny Meadow Way,, ,Antelope, CA 95843"
"1,295,000",4bd,"3,420","1127 West St,, ,Sacramento, CA 95818"
"739,900",2bd,"2,692","2008 23rd St,, ,Sacramento, CA 95818"
"425,000","3bd,1ba","1,256","3534 Sophia Way,, ,Sacramento, CA 95820"
"587,990+","4bd,3ba","2,018","Antinori at Vineyard Creek,, ,Sacramento, CA 95829"
"456,016+","3bd,3ba","1,774","Portisol at Artisan Square,, ,Sacramento, CA 95835"
"386,700+","3bd,3ba","1,306","NUVO Artisan Square,, ,Sacramento, CA 95835"
"1,050,000","4bd,3ba","2,677 (on 0.25 acres)","3812 Esperanza Dr,, ,Sacramento, CA 95864"
"525,500","3bd,3ba","1,417","8355 Lemberger Way,, ,Sacramento, CA 95829"
"950,000","3bd,2ba","1,483","1047 47th St,, ,Sacramento, CA 95819"
"300,000",2bd,"1,152","5125 Thurman Way,, ,Sacramento, CA 95824"
"480,000","3bd,2ba","1,480","3625 Eastern Ave.,, ,Sacramento, CA 95821"
"589,900","4bd,2ba","1,553","3265 11th Ave,, ,Sacramento, CA 95817"
"599,990+","3bd,2ba","1,950","Redwood Collection at Parkside,, ,Sacramento, CA 95829"
"819,990+","3bd,4ba","1,818","L32,, ,Sacramento, CA 95816"
"521,990+","4bd,3ba","1,779","Glendon Vineyards,, ,Sacramento, CA 95829"
"569,950+","3bd,2ba","1,750","Woodberry at Bradshaw Crossing,, ,Sacramento, CA 95829"
"562,990+","3bd,2ba","2,071","Heritage Vineyard Creek,, ,Sacramento, CA 95829"
"499,000","3bd,2ba","1,480","9064 Caldera Way,, ,Sacramento, CA 95826"
"310,000","3bd,1ba","1,074","5925 Chapin Way,, ,Sacramento, CA 95824"
"659,000","2bd,1ba","1,137","3894 12th St,, ,Sacramento, CA 95822"
"400,000","4bd,2ba","1,662","7630 Tierra Glen Way,, ,Sacramento, CA 95828"
"739,900","3bd,2ba","1,391","5311 Aileen Way,, ,Sacramento, CA 95819"
"999,000","4bd,3ba","2,731","4400 B St,, ,Sacramento, CA 95819"
"650,000","4bd,3ba","2,053","5922 13th St,, ,Sacramento, CA 95822"
"330,000",2bd,"1,152","5119 Thurman Way,, ,Sacramento, CA 95824"
"401,600+","3bd,3ba","1,323","NUVO Artisan Square,, ,Sacramento, CA 95835"
"401,600+","3bd,3ba","1,354","NUVO Artisan Square,, ,Sacramento, CA 95835"
"412,990+","3bd,3ba","1,394","Provence,, ,Sacramento, CA 95834"
"549,900+","4bd,3ba","2,001","Wickford Square,, ,Sacramento, CA 95823"
"383,000+","3bd,3ba","1,295","NUVO Artisan Square,, ,Sacramento, CA 95835"
"199,000","3bd,1ba","1,340","3367 Western Ave,, ,Sacramento, CA 95838"
"285,000","2bd,2ba",968,"1019 Dornajo Way #219,, ,Sacramento, CA 95825"
"359,900","2bd,2ba","1,193","1900 Danbrook Dr #316,, ,Sacramento, CA 95835"
"650,000","2bd,2ba","1,447","2206 24th St,, ,Sacramento, CA 95818"
"673,200","4bd,3ba","2,370","4310 Echo Lake Way,, ,Sacramento, CA 95834"
"4,550,000",,4101 Taylor St,"4101 Taylor St,, ,Sacramento, CA 95838"
"465,000","3bd,2ba","1,756","3830 Lee Brook Way,, ,Sacramento, CA 95838"
"550,000","3bd,2ba","1,294 (on 0.75 acres)","7880 Bradshaw Rd,, ,Sacramento, CA 95829"
"1,050,000","4bd,4ba","2,443","812 51st St,, ,Sacramento, CA 95819"
"575,000","3bd,2ba","1,910","5635 Amnest Way,, ,Sacramento, CA 95835"
"513,200","3bd,2ba","1,311","2500 Prosper Rd,, ,Sacramento, CA 95834"
"425,000","4bd,3ba","1,686","5195 Ehrhardt Ave,, ,Sacramento, CA 95823"
"325,000",,22nd St,"22nd St,, ,Rio Linda, CA 95673"
"299,000","2bd,2ba","1,013","4101 35th Ave,, ,Sacramento, CA 95824"
"79,900","2bd,2ba","1,440","4206 Bouquet Way #37,, ,Sacramento, CA 95834"
"969,000",4bd,"2,678","709 19th St,, ,Sacramento, CA 95811"
"490,000","3bd,2ba","1,621","8551 Morning Skye Way,, ,Antelope, CA 95843"
"1,604,990","4bd,4ba","2,716","2366 5th Ave,, ,Sacramento, CA 95818"
"476,000","3bd,2ba","1,200 (on 0.25 acres)","9424 Torchy Ct,, ,Sacramento, CA 95826"
"339,000","3bd,1ba",901,"7245 Hutchins Way,, ,North Highlands, CA 95660"
"349,900","4bd,1ba","1,175 (on 0.25 acres)","2720 Albatross Way,, ,Sacramento, CA 95815"
"399,000","4bd,1ba","1,287","903 Watt Ave,, ,Sacramento, CA 95864"
"2,600,000","4bd,5ba","4,464 (on 0.75 acres)","3636 Fair Oaks Blvd,, ,Sacramento, CA 95864"
"950,000",6bd,"3,473","7976 Quaker Ridge Way,, ,Sacramento, CA 95829"
"359,900","3bd,1ba","1,092","8005 34th Ave,, ,Sacramento, CA 95824"
"399,000","2bd,1ba","1,018","3826 30th St,, ,Sacramento, CA 95820"
"209,000","1bd,1ba",733,"510 Woodside Oaks #5,, ,Sacramento, CA 95825"
"135,000","2bd,2ba","1,576","206 Cooper Ave,, ,Sacramento, CA 95823"
"69,000","2bd,2ba","1,152","4208 Atrium Way #52,, ,Sacramento, CA 95834"
"490,000","6bd,2ba","1,975","7308 Berna Way,, ,Sacramento, CA 95823"
"999,999","3bd,3ba","3,039 (on 1.75 acres)","6030 Eagles Nest Rd,, ,Sacramento, CA 95830"
"674,900","4bd,2ba","1,742","1608 V St,, ,Sacramento, CA 95818"
"540,000","2bd,2ba","1,738","2742 San Marin Ln,, ,Sacramento, CA 95835"
"1,299,995","7bd,4ba","3,174","515 18th St,, ,Sacramento, CA 95811"
"399,900","4bd,2ba","1,336","3368 Gould Way,, ,Sacramento, CA 95827"
"500,990+","5bd,3ba","2,161","Moraga,, ,Antelope, CA 95843"
"1,250,000",,1 (on 3.25 acres),"6140 Lemon Hill Ave,, ,Sacramento, CA 95824"
"479,900","5bd,3ba","1,612","4337 76th St,, ,Sacramento, CA 95820"
"1,250,000","4bd,4ba","3,284","1300 T St,, ,Sacramento, CA 95811"
"665,000","3bd,3ba","2,464","2614 Mabry Dr,, ,Sacramento, CA 95835"
"349,000","2bd,1ba",983,"6025 Vista Ave,, ,Sacramento, CA 95824"
"599,000","2bd,1ba","1,074","2457 Donner Way,, ,Sacramento, CA 95818"
"749,950","5bd,3ba","2,954","2969 Myotis Dr,, ,Sacramento, CA 95834"
"879,900","5bd,4ba","3,427","9468 Vintage Port Way,, ,Sacramento, CA 95829"
"659,888","5bd,3ba","2,567","4100 Windsong St,, ,Sacramento, CA 95834"
"499,000","2bd,2ba","1,051","444 T St,, ,Sacramento, CA 95811"
"399,900","2bd,1ba",845,"4046 58th St,, ,Sacramento, CA 95820"
"1,499,000","5bd,4ba","3,991 (on 0.25 acres)","720 Cortlandt Dr,, ,Sacramento, CA 95864"
"368,000","3bd,2ba","1,336","4515 Silverton Way,, ,Sacramento, CA 95838"
"581,950+","3bd,3ba","2,060","Woodberry at Bradshaw Crossing,, ,Sacramento, CA 95829"
"578,990+","3bd,3ba","2,206","Heritage Vineyard Creek,, ,Sacramento, CA 95829"
"395,000","3bd,1ba","1,134","5601 Milner Way,, ,Sacramento, CA 95822"
"455,990+","3bd,3ba","1,547","Moraga,, ,Antelope, CA 95843"
"480,990+","4bd,3ba","1,969","Moraga,, ,Antelope, CA 95843"
"470,990+","4bd,3ba","1,811","Moraga,, ,Antelope, CA 95843"
"460,990+","4bd,3ba","1,678","Moraga,, ,Antelope, CA 95843"
"649,900","5bd,3ba","1,949","2618 X St,, ,Sacramento, CA 95818"
"299,000","3bd,2ba","1,012","2010 Monarch Ave,, ,Sacramento, CA 95832"
"425,000","4bd,2ba","1,097","1901 Middleberry Rd,, ,Sacramento, CA 95815"
"280,000","3bd,1ba",953,"2584 Norwood Ave,, ,Sacramento, CA 95815"
"372,500","3bd,1ba","1,040","7516 25th Ave,, ,Sacramento, CA 95820"
"127,000","2bd,2ba",729,"6025 Dias Ave #58,, ,Sacramento, CA 95824"
"450,000","3bd,2ba","1,150","2760 Point Reyes Way,, ,Sacramento, CA 95826"
"779,000","3bd,2ba","1,794","3812 El Ricon Way,, ,Sacramento, CA 95864"
"1,125,000","3bd,3ba","2,389","5196 Sutter Park Way,, ,Sacramento, CA 95819"
"493,880","4bd,3ba","1,546","6739 Jujube Ln,, ,Sacramento, CA 95828"
"420,000","3bd,2ba","1,055","9213 La Riviera Dr,, ,Sacramento, CA 95826"
"2,299,999","8bd,8ba","5,230","2518 N St,, ,Sacramento, CA 95816"
"385,000","3bd,2ba","1,120","4944 H Pkwy,, ,Sacramento, CA 95823"
"535,000","5bd,3ba","2,465","4428 Blackjack Way,, ,Sacramento, CA 95842"
"100,000",,1625 Los Robles Blvd,"1625 Los Robles Blvd,, ,Sacramento, CA 95838"
"979,000","3bd,3ba","2,304","609 San Miguel Way,, ,Sacramento, CA 95819"
"649,950","3bd,2ba","1,911","5773 Spenlow Way,, ,Sacramento, CA 95835"
"885,000","2bd,2ba","1,726","4100 Folsom Blvd #9C,, ,Sacramento, CA 95819"
"54,900","2bd,2ba","1,440","4209 Bouquet Way #31,, ,Sacramento, CA 95834"
"750,000","5bd,4ba","3,493","3801 Bilsted Way,, ,Sacramento, CA 95834"
"289,000","2bd,1ba",877,"104 Nimitz St,, ,Sacramento, CA 95838"
"599,999","4bd,3ba","2,143","943 Sunwood Way,, ,Sacramento, CA 95831"
"725,000","4bd,3ba","1,024","2417 17th St,, ,Sacramento, CA 95818"
"364,000","2bd,1ba",996,"3101 36th Ave,, ,Sacramento, CA 95824"
"995,000","3bd,2ba","1,237 (on 10 acres)","7909 Carmencita Ave,, ,Sacramento, CA 95829"
"419,000","3bd,2ba","1,542","5641 Woodforest Dr,, ,Sacramento, CA 95842"
"439,000","4bd,2ba","1,785","8387 La Riviera Dr,, ,Sacramento, CA 95826"
"424,999","3bd,2ba","1,279","4633 Meadors Ct,, ,Antelope, CA 95843"
"749,900","4bd,3ba","3,124","1654 Danbrook Dr,, ,Sacramento, CA 95835"
"465,000","2bd,1ba","1,004","5832 2nd Ave,, ,Sacramento, CA 95817"
"866,000","5bd,3ba","2,922","8010 Prairie Hawk Way,, ,Sacramento, CA 95829"
"425,000","3bd,3ba","1,206","40 Morrison Ave,, ,Sacramento, CA 95838"
"1,750,000",Studio,"6,000","1421 G St,, ,Sacramento, CA 95814"
"479,000","4bd,2ba","1,631","8969 La Riviera Dr,, ,Sacramento, CA 95826"
"1,484,990","4bd,3ba","2,484","2374 5th Ave,, ,Sacramento, CA 95818"
"624,900","3bd,2ba","1,622","76 Sunlit Cir,, ,Sacramento, CA 95831"
"298,000","2bd,2ba",766,"2440 Beaumont St,, ,Sacramento, CA 95815"
"669,900","4bd,3ba","2,500","2558 Amelia Earhart Ave,, ,Sacramento, CA 95834"
"539,000","3bd,3ba","1,836","2768 Toronja Way,, ,Sacramento, CA 95833"
"410,000","3bd,2ba","1,192","26 Bishopgate Ct,, ,Sacramento, CA 95823"
"539,000","2bd,2ba","1,335","2025 S St #203,, ,Sacramento, CA 95811"
"497,500","4bd,2ba","1,643","2205 Eastern Ave,, ,Sacramento, CA 95864"
"412,000","4bd,3ba","1,537","5983 York Glen Way,, ,Sacramento, CA 95842"
"490,000","4bd,2ba","2,078","8076 Maybelline Way,, ,Sacramento, CA 95823"
"496,880","4bd,3ba","1,546","6733 Jujube Ln,, ,Sacramento, CA 95828"
"498,880","4bd,3ba","1,546","6413 Osmanthus Pl,, ,Sacramento, CA 95828"
"1,850,000","5bd,6ba","5,039 (on 0.75 acres)","4001 Fair Oaks Blvd,, ,Sacramento, CA 95864"
"389,900","4bd,2ba","1,168","129 Huber Ct,, ,Sacramento, CA 95838"
"349,000","3bd,1ba","1,097","4113 20th Ave,, ,Sacramento, CA 95820"
"249,000",1bd,721,"3235 Franklin Blvd,, ,Sacramento, CA 95818"
"1,640,000",2bd,"4,421 (on 0.75 acres)","1655 Los Robles Blvd,, ,Sacramento, CA 95838"
"419,000","4bd,2ba","1,505","7630 Nixos Way,, ,Sacramento, CA 95823"
"399,000","2bd,1ba","1,206","2730 Lafayette Dr,, ,Sacramento, CA 95821"
"300,000",,2009 Chinatown Aly,"2009 Chinatown Aly,, ,Sacramento, CA 95814"
"407,000","3bd,2ba","1,428","5020 Ginghamton Way,, ,Sacramento, CA 95838"
"499,999","2bd,2ba",910,"2220 9th St,, ,Sacramento, CA 95818"
"190,000","1bd,1ba",484,"923 Fulton Ave #448,, ,Sacramento, CA 95825"
"285,000","2bd,1ba","1,000","2464 Larkspur Ln #347,, ,Sacramento, CA 95825"
"649,900","4bd,3ba","2,280","8264 Glendon Way,, ,Sacramento, CA 95829"
"595,888","4bd,2ba","1,722","33 Sunlit Cir,, ,Sacramento, CA 95831"
"409,000+","3bd,3ba","1,354","NUVO Artisan Square,, ,Sacramento, CA 95835"
"499,900","3bd,2ba","1,697","8111 Kingsbridge Dr,, ,Sacramento, CA 95829"
"495,000","4bd,2ba","1,480","3867 7th Ave,, ,Sacramento, CA 95817"
"649,000","3bd,3ba","1,941","26 Ararat Ct,, ,Sacramento, CA 95831"
"419,000","3bd,2ba","1,177","6610 Manassero Way,, ,Sacramento, CA 95820"
"435,000","5bd,3ba","1,344","5200 Mendocino Blvd,, ,Sacramento, CA 95820"
"430,000","3bd,2ba","1,145","3540 Eisenhower Dr,, ,Sacramento, CA 95826"
"329,000","3bd,2ba","1,368","3620 Milton Way,, ,North Highlands, CA 95660"
"470,000","3bd,2ba","1,277","8041 Ventnor Ct,, ,Sacramento, CA 95829"
"1,580,000","3bd,3ba","1,300 (on 4.25 acres)","Address Not Disclosed,, ,Antelope, CA 95843"
"375,000","3bd,2ba","1,313","1947 South Ave,, ,Sacramento, CA 95838"
"250,000",,Branch St,"Branch St,, ,Sacramento, CA 95815"
"399,900","4bd,3ba","2,270 (on 0.50 acres)","5410 Tyler St,, ,Sacramento, CA 95842"
"585,000","2bd,2ba","1,320","2217 13th St,, ,Sacramento, CA 95818"
"1,360,015","2bd,3ba","2,129","2382 5th Ave,, ,Sacramento, CA 95818"
"367,500","2bd,3ba","1,268","3148 Swallows Nest Dr,, ,Sacramento, CA 95833"
"220,000","1bd,1ba",670,"2390 Alta Garden Ln #B,, ,Sacramento, CA 95825"
"512,000","2bd,2ba","1,070","2543 Freeport Blvd,, ,Sacramento, CA 95818"
"649,500","2bd,2ba","1,815","5957 Country Manor Pl,, ,Sacramento, CA 95835"
"399,000","3bd,2ba","1,232","5321 70th St,, ,Sacramento, CA 95820"
"308,000","3bd,2ba","1,613","7713 Jarvis Ln,, ,Sacramento, CA 95823"
"449,999",2bd,"1,835","6617 Gold Run Ave,, ,Sacramento, CA 95842"
"429,000","2bd,1ba","1,087","5041 12th Ave,, ,Sacramento, CA 95820"
"374,999","3bd,2ba","1,156","3809 Milton Way,, ,North Highlands, CA 95660"
"335,000","3bd,1ba","1,157","2060 Janice Ave,, ,Sacramento, CA 95821"
"105,000","2bd,2ba","1,416","3107 Federalist Ln,, ,Sacramento, CA 95827"
"340,000","2bd,1ba",833,"4229 Barbara St,, ,Sacramento, CA 95838"
"370,000","5bd,3ba","1,735","6925 Barnum Ct,, ,Sacramento, CA 95828"
"364,950","3bd,2ba","1,029","6054 Pomegranate Ave,, ,Sacramento, CA 95823"
"139,000",,Jonko Ave,"Jonko Ave,, ,North Highlands, CA 95660"
"229,000",,3021 8th Ave,"3021 8th Ave,, ,Sacramento, CA 95817"
"494,200","3bd,3ba","1,512","8581 Sunnybrae Dr,, ,Sacramento, CA 95823"
"450,000","4bd,2ba","1,444","4732 Heatherbrae Cir,, ,Sacramento, CA 95842"
"409,000","2bd,2ba","1,180","818 Portugal Way,, ,Sacramento, CA 95831"
"575,000","3bd,2ba","2,222","2720 Greymere Way,, ,Sacramento, CA 95833"
"980,000","3bd,4ba","2,363","3152 McKinley Village Way,, ,Sacramento, CA 95816"
"490,000","3bd,2ba","1,744","5221 Elbert Way,, ,Sacramento, CA 95842"
"389,900","3bd,2ba","1,347","4757 River College Dr,, ,Sacramento, CA 95841"
"124,900","3bd,2ba","1,104","4947 Crucible Ln #121,, ,North Highlands, CA 95660"
"465,000","3bd,3ba","1,336","3499 Del Sol Way,, ,Sacramento, CA 95834"
"170,000",,6236 25th St,"6236 25th St,, ,Sacramento, CA 95822"
"170,000",,6240 25th St,"6240 25th St,, ,Sacramento, CA 95822"
"349,000","2bd,1ba",746,"3825 13th Ave,, ,Sacramento, CA 95820"
"539,000","3bd,3ba","1,956","8157 Glen Cove Way,, ,Sacramento, CA 95828"
"415,000","3bd,2ba","1,159","4636 Satinwood Way,, ,Sacramento, CA 95842"
"449,900","3bd,2ba","1,288","2825 Erin Dr,, ,Sacramento, CA 95833"
"509,900","3bd,3ba","1,685","5473 Nickman Way,, ,Sacramento, CA 95835"
"377,000","3bd,2ba","1,152","2272 Pierre Ave,, ,Sacramento, CA 95832"
"425,000","3bd,2ba","1,946","7554 East Pkwy,, ,Sacramento, CA 95823"
"499,000","2bd,1ba",905,"2373 25th Ave,, ,Sacramento, CA 95822"
"375,000","3bd,2ba","1,444","4301 Don Julio Blvd,, ,North Highlands, CA 95660"
"299,999","2bd,1ba",990,"3927 Elm St,, ,Sacramento, CA 95838"
"699,000","4bd,4ba","3,417","7575 Citrus Ave,, ,Sacramento, CA 95823"
"659,000","5bd,3ba","3,535","4408 Prodperine Pl,, ,Sacramento, CA 95827"
"518,000",Studio,"1,936","3424 Viking Dr,, ,Sacramento, CA 95827"
"365,000","3bd,2ba","1,012","7565 21st St,, ,Sacramento, CA 95822"
"369,000","3bd,2ba","1,344","Address Not Disclosed,, ,Sacramento, CA 95833"
"690,000","4bd,2ba","1,613","4611 Attawa Ave,, ,Sacramento, CA 95822"
"735,900","4bd,2ba","2,262 (on 0.50 acres)","4400 Belmont Place Ln,, ,Sacramento, CA 95841"
"249,900","2bd,1ba","1,000","2466 Larkspur Ln #354,, ,Sacramento, CA 95825"
"449,000","3bd,3ba","1,450","30 Morrison Ave,, ,Sacramento, CA 95838"
"559,000","4bd,2ba","1,619","7348 Farm Dale Way,, ,Sacramento, CA 95831"
"350,000","3bd,2ba","1,326","8185 La Riviera Dr,, ,Sacramento, CA 95826"
"379,900",2bd,"1,281","508 Redwood Ave,, ,Sacramento, CA 95815"
"724,999","4bd,3ba","3,389","440 Lyman Cir,, ,Sacramento, CA 95835"
"1,300,000","4bd,3ba","1,922","817 45th St,, ,Sacramento, CA 95819"
"547,000","2bd,1ba",891,"616 Dittmar Way,, ,Sacramento, CA 95819"
"405,000","3bd,2ba","1,361","7113 Benevolent Way,, ,Sacramento, CA 95842"
"419,900","3bd,3ba","1,500","229 Delta Leaf Way,, ,Sacramento, CA 95838"
"159,900","2bd,2ba","1,440","6736 Capital Cir #190,, ,Sacramento, CA 95828"
"750,000","4bd,3ba","1,910","2516 2nd Ave,, ,Sacramento, CA 95818"
"875,000",7bd,"4,473","4701 16th Ave,, ,Sacramento, CA 95820"
"4,000,000",,El Centro Rd,"El Centro Rd,, ,Sacramento, CA 95834"
"525,000",1bd,"1,684","6247 Ring Dr,, ,Sacramento, CA 95824"
"467,500",2bd,"1,772","10193 Crawford Way,, ,Sacramento, CA 95827"
"625,000","4bd,3ba","2,392","3825 Sierra Gold Dr,, ,Antelope, CA 95843"
"350,000","3bd,2ba","1,314","1935 Niantic Way,, ,Sacramento, CA 95822"
"285,000","2bd,1ba",912,"4033 Dry Creek Rd,, ,Sacramento, CA 95838"
"389,000","2bd,1ba",936,"4425 Marconi Ave,, ,Sacramento, CA 95821"
"559,000","3bd,3ba","2,106","4066 Bombili St,, ,Sacramento, CA 95834"
"550,000","4bd,2ba","1,910","5705 Overleaf Way,, ,Sacramento, CA 95835"
"575,000","4bd,3ba","2,265","5230 Alderberry Way,, ,Sacramento, CA 95835"
"374,900","3bd,2ba","1,136","7549 Lemarsh Way,, ,Sacramento, CA 95822"
"329,500","3bd,1ba","1,135","5541 79th St,, ,Sacramento, CA 95820"
"649,000","3bd,2ba","2,111","14 Josta Pl,, ,Sacramento, CA 95835"
"460,000","3bd,3ba","1,224","4838 Accord Ct,, ,Sacramento, CA 95842"
"550,950+","2bd,2ba","1,520","Woodberry at Bradshaw Crossing,, ,Sacramento, CA 95829"
"114,999","2bd,2ba","1,440","6204 Gold Dust Dr #35,, ,Sacramento, CA 95842"
"494,900","3bd,3ba","1,450","2883 Belle Fleur Way,, ,Sacramento, CA 95833"
"395,000","2bd,1ba","1,155","2804 Atlas Ave,, ,Sacramento, CA 95820"
"485,000","3bd,2ba","1,179 (on 0.25 acres)","3460 Harmony Ln,, ,Sacramento, CA 95821"
"319,000","2bd,2ba","1,077","4332 W Nichols Ave,, ,Sacramento, CA 95820"
"695,990+","5bd,3ba","3,141","Redwood Collection at Parkside,, ,Sacramento, CA 95829"
"419,000","3bd,2ba","1,090","4220 Applegate Dr,, ,Sacramento, CA 95826"
"375,000","3bd,3ba","1,632","617 Woodside Sier #1,, ,Sacramento, CA 95825"
"689,000","4bd,3ba","2,053","6845 Park Riviera Way,, ,Sacramento, CA 95831"
"574,000","2bd,3ba","1,624","2104 9th St,, ,Sacramento, CA 95818"
"282,500","2bd,1ba","1,010","975 Fulton Ave #488,, ,Sacramento, CA 95825"
"310,000","3bd,1ba",970,"245 Arcade Blvd,, ,Sacramento, CA 95815"
"53,000","1bd,1ba",480,"3440 Fulton Ave #76,, ,Sacramento, CA 95821"
"498,000","3bd,3ba","1,632","629 Woodside Sier #1,, ,Sacramento, CA 95825"
"460,000","3bd,2ba","1,300","7005 Sutter Oak Ct,, ,Sacramento, CA 95842"
"439,200","3bd,2ba","1,194","5917 Silver Shadow Cir,, ,Sacramento, CA 95823"
"1,149,000","3bd,3ba","2,224","928 45th St,, ,Sacramento, CA 95819"
"205,000","2bd,1ba",840,"9082 Pinata Way #3,, ,Sacramento, CA 95826"
"594,400","2bd,1ba","1,328 (on 1.25 acres)","4312 Myrtle Ave,, ,Sacramento, CA 95841"
"524,000","2bd,2ba","1,126","912 Q St,, ,Sacramento, CA 95811"
"415,000","2bd,1ba","1,134","3413 Kentfield Dr,, ,Sacramento, CA 95821"
"635,000","3bd,3ba","2,117","1160 Seamas Ave,, ,Sacramento, CA 95822"
"349,000","2bd,1ba",873 (on 0.25 acres),"2581 Wright St,, ,Sacramento, CA 95821"
"449,500","3bd,2ba","1,435","2104 Surrey Rd,, ,Sacramento, CA 95815"
"439,000","4bd,3ba","1,613","7919 Skywoods Way,, ,Sacramento, CA 95828"
"649,999","4bd,3ba","2,372","10076 Crooked Stick Dr,, ,Sacramento, CA 95829"
"395,000","3bd,1ba","1,039","5314 Argo Way,, ,Sacramento, CA 95820"
"364,900","2bd,1ba",964,"4007 Broadway,, ,Sacramento, CA 95817"
"439,000","3bd,2ba","1,297","9383 Sparks Way,, ,Sacramento, CA 95827"
"459,000","3bd,2ba","1,288","3371 Peace Ct,, ,Sacramento, CA 95826"
"1,850,000",5bd,"4,284","2714 T St,, ,Sacramento, CA 95816"
"560,000","2bd,1ba","1,283","3321 Serra Way,, ,Sacramento, CA 95816"
"625,000","3bd,2ba","1,688","435 Windward Way,, ,Sacramento, CA 95831"
"400,000","4bd,2ba","1,650","2604 Hing Ave,, ,Sacramento, CA 95822"
"340,000","3bd,1ba","1,000","2012 Bowling Green Dr,, ,Sacramento, CA 95825"
"399,999","3bd,2ba","1,126","82 Cedro Cir,, ,Sacramento, CA 95833"
"485,000","2bd,3ba","1,061","282 Log Pond Ln,, ,Sacramento, CA 95818"
"119,500","2bd,2ba","1,200","4611 Long Branch Dr,, ,Sacramento, CA 95842"
"755,000","4bd,4ba","3,243","5135 Isador Ln,, ,Sacramento, CA 95835"
"723,000","3bd,2ba","1,540","3223 Forney Way,, ,Sacramento, CA 95816"
"749,900","4bd,3ba","3,046","9744 Everbloom Way,, ,Sacramento, CA 95829"
"575,000","3bd,2ba","1,582","2580 Watson St,, ,Sacramento, CA 95821"
"68,000","3bd,2ba",844,"10035 Mills Station Rd #1,, ,Sacramento, CA 95827"
"740,490+","4bd,4ba","3,427","Redwood Collection at Parkside,, ,Sacramento, CA 95829"
"479,990+","4bd,4ba","1,920","Provence,, ,Sacramento, CA 95834"
"464,000","3bd,2ba","1,367","8118 Castle Wynd Dr,, ,Antelope, CA 95843"
"410,000","2bd,2ba","1,087","2442 Rose Arbor Dr,, ,Sacramento, CA 95835"
"524,900","4bd,3ba","2,131","4969 Kokomo Dr,, ,Sacramento, CA 95835"
"599,900","2bd,2ba","1,261","500 N St #704,, ,Sacramento, CA 95814"
"1,540,000","4bd,3ba","3,228 (on 0.50 acres)","4111 Winding Creek Rd,, ,Sacramento, CA 95864"
"419,000","3bd,2ba","1,231","2521 Hernando Rd,, ,Sacramento, CA 95825"
"499,888","4bd,3ba","1,726","4016 Neapolis Ln,, ,Sacramento, CA 95834"
"565,000","4bd,2ba","2,000 (on 0.25 acres)","1748 Richmond St,, ,Sacramento, CA 95825"
"650,000","4bd,3ba","2,368","4045 Robertson Ave,, ,Sacramento, CA 95821"
"350,000",2bd,"1,188","1253 Acacia Ave,, ,Sacramento, CA 95815"
"409,900","4bd,2ba","1,345","4625 Jion Ct,, ,Sacramento, CA 95842"
"551,950+","3bd,3ba","1,640","Woodberry at Bradshaw Crossing,, ,Sacramento, CA 95829"
"544,990+","3bd,2ba","1,824","Heritage Vineyard Creek,, ,Sacramento, CA 95829"
"631,490+","4bd,3ba","2,161","Redwood Collection at Parkside,, ,Sacramento, CA 95829"
"430,000","3bd,3ba","1,624","7757 Dixie Lou St,, ,Sacramento, CA 95832"
"1,099,000","3bd,2ba","1,926","1309 35th St,, ,Sacramento, CA 95816"
"399,900","3bd,2ba","1,494","4311 Cabrillo Way,, ,Sacramento, CA 95820"
"439,000","3bd,2ba","1,420","6620 Manassero Way,, ,Sacramento, CA 95820"
"559,000","2bd,2ba","1,662","47 Camrosa Pl,, ,Sacramento, CA 95835"
"869,000","3bd,4ba","2,254 (on 0.25 acres)","4644 Sunset Dr,, ,Sacramento, CA 95822"
"798,000","4bd,3ba","3,061","7684 El Douro Dr,, ,Sacramento, CA 95831"
"559,000","5bd,2ba","1,904","3928 Auburn Blvd,, ,Sacramento, CA 95821"
"509,999","2bd,2ba",955,"1806 K St #L2,, ,Sacramento, CA 95811"
"649,000","3bd,1ba","1,217","1511 Christopher Way,, ,Sacramento, CA 95819"
"370,000","3bd,2ba","1,090","5101 North Pkwy,, ,Sacramento, CA 95823"
"1,655,000","2bd,2ba","2,043","1818 L St #811,, ,Sacramento, CA 95811"
"97,000","2bd,2ba","1,400","7312 White River Ln #163,, ,Sacramento, CA 95842"
"459,900","4bd,2ba","1,356","5937 Creighton Way,, ,Sacramento, CA 95842"
"495,000","3bd,3ba","1,603","7292 Riverwind Way,, ,Sacramento, CA 95831"
"2,450,000",10bd,"6,596 (on 1.75 acres)","Address Not Disclosed,, ,Sacramento, CA 95820"
"650,000",,9072 Osage Ave,"9072 Osage Ave,, ,Sacramento, CA 95829"
"435,000","4bd,3ba","1,892","9387 Linda Rio Dr,, ,Sacramento, CA 95827"
"189,900","1bd,1ba",844,"5644 Hamilton St #61,, ,Sacramento, CA 95842"
"299,900","2bd,2ba","1,126","6655 24th St,, ,Sacramento, CA 95822"
"310,000",1bd,"1,022","140 Pulsar Cir,, ,Sacramento, CA 95822"
"450,000","3bd,2ba","1,113","7911 Deer Creek Dr,, ,Sacramento, CA 95823"
"529,999","4bd,3ba","1,915","3916 Onawa Ct,, ,Antelope, CA 95843"
"390,000","4bd,2ba","1,365","7924 Ann Arbor Way,, ,Sacramento, CA 95832"
"769,900","2bd,2ba","1,803","5320 N St,, ,Sacramento, CA 95819"
"279,700","3bd,1ba",800,"Address Not Disclosed,, ,Sacramento, CA 95838"
"550,000",2bd,"2,010","4905 Travertine Cir,, ,Sacramento, CA 95841"
"575,000","2bd,2ba","2,218","15 Cristalla Pl,, ,Sacramento, CA 95835"
"444,000","3bd,2ba","1,370","7412 Widener Way,, ,Sacramento, CA 95842"
"750,000","3bd,2ba","1,380 (on 0.50 acres)","5111 42nd St,, ,Sacramento, CA 95820"
"550,000","3bd,1ba","1,089","5837 14th Ave,, ,Sacramento, CA 95820"
"599,900","4bd,3ba","2,155","39 White Lily Ct,, ,Sacramento, CA 95833"
"429,000","3bd,2ba","1,581","2335 Albatross Way,, ,Sacramento, CA 95815"
"75,000","2bd,2ba","1,440","5040 Jackson St #131,, ,North Highlands, CA 95660"
"129,900",2bd,"1,283","3300 38th St,, ,Sacramento, CA 95817"
"159,900",,9th Ave,"9th Ave,, ,Sacramento, CA 95817"
"489,900","2bd,3ba","1,114 (on 1.50 acres)","407 Tailoff Ln,, ,Sacramento, CA 95818"
"539,000","4bd,1ba","1,383","2319 West St,, ,Sacramento, CA 95818"
"74,900","2bd,2ba",858,"5832 Hobbs Ln #46,, ,Sacramento, CA 95842"
"499,900","2bd,2ba","1,538","2608 San Marin Ln,, ,Sacramento, CA 95835"
"379,000","4bd,2ba","1,414","5701 Mascot Ave,, ,Sacramento, CA 95824"
"358,000","3bd,2ba","1,080","220 Bell Ave,, ,Sacramento, CA 95838"
"691,990","3bd,3ba","2,393","8463 Henrick Way,, ,Elk Grove, CA 95758"
"1,525,000","5bd,5ba","3,247","3828 W Land Park Dr,, ,Sacramento, CA 95822"
"455,999","3bd,2ba","1,727","9820 Winterwood Way,, ,Sacramento, CA 95827"
"674,900","3bd,3ba","1,917","635 Rivercrest Dr,, ,Sacramento, CA 95831"
"2,195,000","6bd,4ba","4,353","1117 46th St,, ,Sacramento, CA 95819"
"449,900","4bd,2ba","1,975","5007 Ortega St,, ,Sacramento, CA 95820"
"499,000",2bd,"1,200 (on 0.25 acres)","2224 Roanoke Ave,, ,Sacramento, CA 95838"
"520,000","2bd,1ba","1,063","5100 T St,, ,Sacramento, CA 95819"
"685,000","4bd,3ba","2,958","5587 Brampton Way,, ,Sacramento, CA 95835"
"400,000","4bd,3ba","1,605","131 Creekside Cir,, ,Sacramento, CA 95823"
"655,000","3bd,3ba","2,363","5626 Dalhart Way,, ,Sacramento, CA 95835"
"589,000","4bd,3ba","2,060","8621 Cord Way,, ,Sacramento, CA 95828"
"195,000","2bd,1ba",933,"5624 Hillsdale Blvd #B,, ,Sacramento, CA 95842"
"295,000",1bd,"1,022","72 Pulsar Cir,, ,Sacramento, CA 95822"
"295,000",1bd,"1,264","30 Pulsar Cir,, ,Sacramento, CA 95822"
"295,000",1bd,990,"42 Quasar Cir,, ,Sacramento, CA 95822"
"579,950+","2bd,2ba","1,880","Woodberry at Bradshaw Crossing,, ,Sacramento, CA 95829"
"499,900","2bd,1ba","1,212","3132 U St,, ,Sacramento, CA 95817"
"859,000","3bd,2ba","2,000","115 52nd St,, ,Sacramento, CA 95819"
"449,999",2bd,"1,434","7510 Amherst St,, ,Sacramento, CA 95822"
"649,000","5bd,3ba","3,753","8873 Sailfish Bay Cir,, ,Sacramento, CA 95828"
"449,000","3bd,2ba","1,054","5921 18th Ave,, ,Sacramento, CA 95820"
"349,000","3bd,1ba","1,008","101 Stanford Ave,, ,Sacramento, CA 95815"
"795,000","4bd,4ba","2,447 (on 0.50 acres)","7748 Silva Ranch Way,, ,Sacramento, CA 95831"
"375,000","3bd,2ba","1,456","4448 Livingston Way,, ,Sacramento, CA 95823"
"449,000","3bd,2ba","1,155","6635 Badger Ct,, ,Sacramento, CA 95842"
"550,000","4bd,3ba","2,100","4150 Hydo Lake Way,, ,Sacramento, CA 95834"
"405,000","3bd,2ba","1,562","6429 Rancho Adobe Dr,, ,Sacramento, CA 95828"
"499,000","3bd,3ba","1,375","312 River Isle Way,, ,Sacramento, CA 95831"
"460,000","3bd,2ba","1,219","1804 Richmond St,, ,Sacramento, CA 95825"
"575,000","5bd,3ba","2,320 (on 0.25 acres)","3511 San Juan Rd,, ,Sacramento, CA 95833"
"325,000","3bd,1ba","1,289","500 Lindsay Ave,, ,Sacramento, CA 95838"
"469,000","3bd,2ba","1,377","5267 Jacinto Ave,, ,Sacramento, CA 95823"
"845,000","3bd,2ba","1,730","1370 Vallejo Way,, ,Sacramento, CA 95818"
"420,000","4bd,3ba","1,784","1438 Katharine Ave,, ,Sacramento, CA 95838"
"582,000","6bd,4ba","2,157","400 Grand Ave,, ,Sacramento, CA 95838"
"574,950","3bd,3ba","1,587","101 Arbusto Cir,, ,Sacramento, CA 95831"
"699,000","2bd,2ba","1,606","52 49th St,, ,Sacramento, CA 95819"
"99,900",,7242 Fawn Way,"7242 Fawn Way,, ,Sacramento, CA 95823"
"349,000",,5341 Harrison St,"5341 Harrison St,, ,North Highlands, CA 95660"
"349,000","3bd,1ba","1,225 (on 0.25 acres)","5333 Harrison St,, ,North Highlands, CA 95660"
"662,000","4bd,2ba","1,597","6738 Park Riviera Way,, ,Sacramento, CA 95831"
"449,900","1bd,1ba",814,"1818 22nd St #113,, ,Sacramento, CA 95816"
"365,000","2bd,1ba",940,"506 Rivergate Way,, ,Sacramento, CA 95831"
"765,000","3bd,3ba","1,564","2010 South St,, ,Sacramento, CA 95811"
"679,999","3bd,1ba","1,272","2817 4th Ave,, ,Sacramento, CA 95818"
"580,000","4bd,3ba","2,209","5307 Janero Way,, ,Sacramento, CA 95835"
"430,000","3bd,2ba","1,009","2208 15th St,, ,Sacramento, CA 95818"
"290,000","2bd,1ba",828,"1830 North Ave,, ,Sacramento, CA 95838"
"995,000",Studio,"1,600 (on 2.50 acres)","4851 Warren Ave,, ,Sacramento, CA 95838"
"229,888","2bd,1ba",814,"5001 Bremner Way #1,, ,Sacramento, CA 95841"
"574,999","3bd,2ba","1,520","211 Alhambra Blvd,, ,Sacramento, CA 95816"
"179,500","2bd,1ba",840,"4420 Greenholme Dr #2,, ,Sacramento, CA 95842"
"418,000","3bd,2ba","1,288","501 Santa Ana Ave,, ,Sacramento, CA 95838"
"199,000","2bd,1ba","1,040","3816 Ivy St,, ,Sacramento, CA 95838"
"439,000","3bd,2ba","1,306","5099 N Laguna Dr,, ,Sacramento, CA 95823"
"1,190,000","5bd,4ba","2,922","2900 Sienna Ln,, ,Sacramento, CA 95864"
"339,000","2bd,1ba",929,"5550 64th St,, ,Sacramento, CA 95820"
"260,000","1bd,1ba",763,"1900 Danbrook Dr #111,, ,Sacramento, CA 95835"
"248,888","2bd,1ba",825,"3715 Tallyho Dr #166,, ,Sacramento, CA 95826"
"199,000",1bd,466,"3816 Willow St,, ,Sacramento, CA 95838"
"670,000","5bd,3ba","3,165","5100 Fawn Crossing Way,, ,Antelope, CA 95843"
"474,999","3bd,2ba","1,629","7407 Farm Dale Way,, ,Sacramento, CA 95831"
"575,000","4bd,2ba","1,834","4665 Nottingham Cir,, ,Sacramento, CA 95864"
"989,000","3bd,1ba","1,138","1704 O St,, ,Sacramento, CA 95811"
"474,500","3bd,3ba","1,470","1315 Bell St,, ,Sacramento, CA 95825"
"624,900","3bd,1ba","1,056","5050 Moddison Ave,, ,Sacramento, CA 95819"
"479,900","5bd,3ba","1,612","4337 76th St,, ,Sacramento, CA 95820"
"425,000",2bd,"1,440 (on 0.25 acres)","3718 Lenore Way,, ,North Highlands, CA 95660"
"435,000","4bd,3ba","1,712","3537 Misty Morning Cir,, ,Sacramento, CA 95827"
"550,000","2bd,2ba",822,"2117 14th St,, ,Sacramento, CA 95818"
"180,000","2bd,1ba",795,"5966 Walerga Rd #1,, ,Sacramento, CA 95842"
"898,000",,Gardner Ave,"Gardner Ave,, ,Sacramento, CA 95828"
"398,000","3bd,2ba","1,316","6445 Heathermoor Way,, ,Sacramento, CA 95823"
"1,500,000",7bd,1819 W St,"1819 W St,, ,Sacramento, CA 95818"
"825,000","6bd,3ba","2,543 (on 3.25 acres)","6313 34th St,, ,North Highlands, CA 95660"
"370,000","3bd,1ba","1,250","5633 49th St,, ,Sacramento, CA 95824"
"507,000","3bd,3ba","1,946","4025 Honey Rose Pl,, ,Antelope, CA 95843"
"449,999","3bd,2ba","1,346","4639 Luxford Ct,, ,Sacramento, CA 95842"
"599,950","2bd,3ba","1,395","2118 26th St,, ,Sacramento, CA 95818"
"384,900","4bd,2ba","1,260","2812 Plover St,, ,Sacramento, CA 95815"
"439,000","3bd,2ba","1,411","416 Santa Ana Ave,, ,Sacramento, CA 95838"
"335,000","2bd,2ba","1,176","5516 Millhouse Pl,, ,Sacramento, CA 95841"
"349,000","3bd,1ba","1,018","3432 Christie Ct,, ,Sacramento, CA 95838"
"600,000","3bd,3ba","1,713 (on 0.50 acres)","7549 Alma Vista Way,, ,Sacramento, CA 95831"
"379,900","3bd,2ba","1,124","7029 Sprig Dr,, ,Sacramento, CA 95842"
"625,000","4bd,2ba","1,807 (on 0.25 acres)","3066 Valkyrie Way,, ,Sacramento, CA 95821"
"1,390,000","2bd,3ba","1,508","500 J St #1503,, ,Sacramento, CA 95814"
"57,500","2bd,2ba","1,508","10015 Federalist Ln,, ,Sacramento, CA 95827"
"640,000","4bd,2ba","1,754 (on 0.25 acres)","5108 Rosbury Dell Pl,, ,Antelope, CA 95843"
"549,900","3bd,2ba","1,557","3932 Auburn Blvd,, ,Sacramento, CA 95821"
"436,300","3bd,2ba","1,344","9203 Sunfire Way,, ,Sacramento, CA 95826"
"539,900","4bd,2ba","1,613","9225 Condesa Dr,, ,Sacramento, CA 95826"
"495,888","4bd,2ba","1,577","7751 Dersingham Dr,, ,Sacramento, CA 95829"
"94,000","2bd,2ba",720,"7325 Topanga Ln #31,, ,Sacramento, CA 95842"
"1,075,000","4bd,3ba","3,401 (on 0.50 acres)","2727 Morse Ave,, ,Sacramento, CA 95821"
"429,900","4bd,2ba","1,498","4523 Terrace Downs Way,, ,Sacramento, CA 95842"
"429,900","3bd,3ba","1,328","1409 Helmsman Way,, ,Sacramento, CA 95833"
"210,000",,McNie Ave,"McNie Ave,, ,Sacramento, CA 95828"
"554,950","2bd,2ba",810,"1332 62nd St,, ,Sacramento, CA 95819"
"395,000",2bd,925,"2292 Fernley Ave,, ,Sacramento, CA 95815"
"69,900","2bd,2ba",960,"4910 Brookdale Dr #133,, ,Sacramento, CA 95834"
"349,995","2bd,2ba","1,055","32 Denwil Ct,, ,Sacramento, CA 95824"
"849,000","4bd,4ba","2,930","351 Dnieper River Way,, ,Sacramento, CA 95834"
"399,000","3bd,2ba","1,020","6680 Hogan Dr,, ,Sacramento, CA 95822"
"222,500","1bd,1ba",682,"863 Woodside Ln E #12,, ,Sacramento, CA 95825"
"259,999","2bd,3ba","1,210","4701 College Oak Dr #12,, ,Sacramento, CA 95841"
"490,000","3bd,2ba","1,408","4084 Hellenic Dr,, ,Sacramento, CA 95826"
"295,000",1bd,"1,044","80 Pulsar Cir,, ,Sacramento, CA 95822"
"439,900","3bd,2ba","1,479","1895 Volti Way,, ,Sacramento, CA 95833"
"75,000",,Amaranth,"Amaranth,, ,Sacramento, CA 95815"
"659,900","3bd,2ba","1,423","2633 51st St,, ,Sacramento, CA 95817"
"350,000","3bd,2ba","1,176","4201 43rd Ave,, ,Sacramento, CA 95824"
"659,000","3bd,3ba","2,006","2430 Pavilions Place Ln #702,, ,Sacramento, CA 95825"
"693,000",4bd,"3,738 (on 0.25 acres)","4118 34th Ave,, ,Sacramento, CA 95824"
"449,000","2bd,1ba","1,082","3208 Perryman Way,, ,Sacramento, CA 95820"
"359,900","3bd,1ba",980,"8010 Capistrano Way,, ,Sacramento, CA 95824"
"575,000","3bd,2ba","1,414","3332 Truckee Way,, ,Sacramento, CA 95817"
"524,000","2bd,2ba","1,020","5511 20th Ave,, ,Sacramento, CA 95820"
"94,900","2bd,2ba",960,"5825 Hobbs Ln #68,, ,Sacramento, CA 95842"
"950,000","2bd,3ba","3,326 (on 0.25 acres)","2836 Lieno Ln,, ,Sacramento, CA 95821"
"625,000",4bd,"2,836 (on 0.50 acres)","431 Harding Ave,, ,Sacramento, CA 95833"
"691,000",4bd,"3,738","4109 Gaddi Dr,, ,Sacramento, CA 95824"
"125,000",1bd,837,"3144 Palmer St,, ,Sacramento, CA 95815"
"480,000","3bd,2ba","1,282","2953 Loyola St,, ,Sacramento, CA 95826"
"425,000","3bd,2ba","1,158","8924 Brydon Way,, ,Sacramento, CA 95826"
"445,000","2bd,3ba","1,482","7749 Park River Oak Cir,, ,Sacramento, CA 95831"
"685,000","3bd,3ba","2,277","2430 Pavilions Place Ln #406,, ,Sacramento, CA 95825"
"400,000",,4700 50th Ave,"4700 50th Ave,, ,Sacramento, CA 95823"
"1,599,000","5bd,3ba","3,109","1344 39th St,, ,Sacramento, CA 95816"
"550,000","2bd,3ba",886,"420 15th St,, ,Sacramento, CA 95814"
"495,000","3bd,2ba","1,190","4440 6th Ave,, ,Sacramento, CA 95820"
"475,000","3bd,3ba","1,635","491 Natalino Cir,, ,Sacramento, CA 95835"
"530,000","4bd,3ba","2,093","5368 Noyack Way,, ,Sacramento, CA 95835"
"495,000",2bd,"1,594 (on 0.25 acres)","1055 Evelyn Ln,, ,Sacramento, CA 95864"
"368,000","3bd,2ba","1,300","2352 Craig Ave,, ,Sacramento, CA 95832"
"849,000","5bd,3ba","2,930","4009 Giarre Way,, ,Sacramento, CA 95834"
"505,000","3bd,2ba","1,411","2531 21st Ave,, ,Sacramento, CA 95820"
"439,000","3bd,2ba","1,117","3508 Santa Cruz Way,, ,Sacramento, CA 95817"
"93,000",,5805 Pomegranate Ave,"5805 Pomegranate Ave,, ,Sacramento, CA 95823"
"379,000","3bd,2ba","1,424","5407 59th St,, ,Sacramento, CA 95820"
"650,000","5bd,3ba","2,493","341 Bombay Cir,, ,Sacramento, CA 95835"
"549,999","4bd,3ba","2,013","7515 Clear Lake Aly,, ,Sacramento, CA 95829"
"369,000","3bd,2ba","1,012","7565 Tamoshanter Way,, ,Sacramento, CA 95822"
"929,000","4bd,3ba","3,109","2801 Sevilla Ln,, ,Sacramento, CA 95864"
"249,900","3bd,2ba","1,456","1623 Kathleen Ave,, ,Sacramento, CA 95815"
"449,000","4bd,2ba","1,582","7366 Milford St,, ,Sacramento, CA 95822"
"400,000","3bd,2ba","1,335","5401 Casa Danielle Cir,, ,Sacramento, CA 95824"
"480,000","3bd,2ba","1,428","7645 Black Bear Dr,, ,Antelope, CA 95843"
"995,000","3bd,3ba","3,031","3065 Crocker Dr,, ,Sacramento, CA 95818"
"650,000","3bd,2ba","2,019","5633 66th St,, ,Sacramento, CA 95824"
"899,000","3bd,3ba","2,413","1600 3rd Ave,, ,Sacramento, CA 95818"
"299,900","2bd,1ba",704,"6000 39th St,, ,Sacramento, CA 95824"
"569,000","3bd,2ba","1,774","3807 Myrna Way,, ,Sacramento, CA 95821"
"825,000","4bd,2ba","2,122","1823 20th St,, ,Sacramento, CA 95811"
"1,649,999","4bd,3ba","2,482","3832 W Land Park Dr,, ,Sacramento, CA 95822"
"485,000","3bd,2ba","1,922","9041 Caldera Way,, ,Sacramento, CA 95826"
"335,000","2bd,2ba",952,"3845 Altos Ave,, ,Sacramento, CA 95838"
"389,000","3bd,2ba","1,278","18 Yahi Ct,, ,Sacramento, CA 95833"
"589,900","3bd,2ba","1,207","5409 Carmela Way,, ,Sacramento, CA 95822"
"565,000","3bd,1ba",966,"2005 D St,, ,Sacramento, CA 95811"
"350,000","3bd,1ba",925,"5728 San Ardo Way,, ,North Highlands, CA 95660"
"469,000","4bd,2ba","1,652 (on 0.25 acres)","3929 Duxburg Ct,, ,Sacramento, CA 95827"
"405,000","3bd,2ba","1,291","3425 Tembrook Dr,, ,Sacramento, CA 95864"
"225,000",2bd,855 (on 0.50 acres),"2580 26th Ave,, ,Sacramento, CA 95820"
"47,900","2bd,1ba",720,"5219 Brook Park Ln,, ,Sacramento, CA 95841"
"421,000","4bd,2ba","1,127","6678 Weatherby Way,, ,Sacramento, CA 95842"
"268,000","3bd,1ba","1,050","4205 37th Ave,, ,Sacramento, CA 95824"
"415,000","4bd,2ba","1,182","7442 Versailles Way,, ,Sacramento, CA 95842"
"360,000","4bd,1ba","1,645","3853 A St,, ,North Highlands, CA 95660"
"525,000","3bd,2ba","1,487","8920 Twin Falls Dr,, ,Sacramento, CA 95826"
"369,900","3bd,1ba","1,081","925 Amberwood Rd,, ,Sacramento, CA 95864"
"440,000","4bd,2ba","1,840","6225 Cushing Way,, ,Sacramento, CA 95823"
"349,900","2bd,1ba",838,"7404 Saxon Way,, ,Sacramento, CA 95842"
"345,000","3bd,3ba","1,374","3605 Larchmont Square Ln,, ,Sacramento, CA 95821"
"400,000","3bd,2ba","1,075","3801 Sandra Ct,, ,Sacramento, CA 95821"
"335,000","3bd,1ba","1,019","Address Not Disclosed,, ,Sacramento, CA 95824"
"399,500","3bd,2ba","1,205","1825 Urbana Way,, ,Sacramento, CA 95833"
"275,000","2bd,1ba",660,"3713 18th Ave,, ,Sacramento, CA 95820"
"270,000","2bd,1ba",728,"2416 Knoll St,, ,Sacramento, CA 95815"
"325,000","3bd,1ba","1,118","2856 Branch St,, ,Sacramento, CA 95815"
"250,000","4bd,2ba","1,236","3340 Gillespie St,, ,Sacramento, CA 95838"
"339,900","4bd,2ba","1,357","1155 Sonoma Ave,, ,Sacramento, CA 95815"
"389,000","4bd,1ba","1,409 (on 0.25 acres)","2006 Harris Ave,, ,Sacramento, CA 95838"
"815,000","3bd,3ba","2,368","463 Wyndgate Rd,, ,Sacramento, CA 95864"
"319,500","3bd,2ba","1,020","7652 18th St,, ,Sacramento, CA 95832"
"549,995",2bd,"2,350","9626 Bradhugh Ct,, ,Sacramento, CA 95827"
"299,000","2bd,1ba",801,"3100 35th Ave,, ,Sacramento, CA 95824"
"420,000","3bd,2ba","1,608","5144 Cherokee Way,, ,Sacramento, CA 95841"
"498,000","3bd,1ba","1,143","4221 61st St,, ,Sacramento, CA 95820"
"235,000","2bd,3ba","1,323","4127 Brookfield Dr,, ,Sacramento, CA 95823"
"126,900","3bd,2ba","1,440","7448 Sylmar Ln #219,, ,Sacramento, CA 95842"
"399,000",2bd,900,"5572 Hillsdale Blvd,, ,Sacramento, CA 95842"
"1,150,000",2bd,"1,849 (on 1.50 acres)","7731 Florin Rd,, ,Sacramento, CA 95828"
"289,900","3bd,1ba","1,008","4301 37th Ave,, ,Sacramento, CA 95824"
"345,000","3bd,2ba","1,270","3905 Balsam St,, ,Sacramento, CA 95838"
"1,587,500",Studio,"7,920 (on 1 acre)","1875 Glenrose Ave,, ,Sacramento, CA 95815"
"895,000","4bd,4ba","3,297","1423 44th St,, ,Sacramento, CA 95819"
"795,000","2bd,1ba","1,338","430 46th St,, ,Sacramento, CA 95819"
"350,000","3bd,2ba","1,059","2317 Boxwood St,, ,Sacramento, CA 95815"
"899,000","3bd,3ba","2,674","624 36th St,, ,Sacramento, CA 95816"
"1,174,950","3bd,4ba","2,538","4227 F St,, ,Sacramento, CA 95819"
"279,999",,5189 El Paraiso Ave,"5189 El Paraiso Ave,, ,Sacramento, CA 95824"
"1,195,000","1bd,1ba",934,"500 J St #1707,, ,Sacramento, CA 95814"
"350,000","2bd,1ba",706,"324 Bannon St,, ,Sacramento, CA 95811"
"559,000","3bd,3ba","2,085","4547 Edison Ave,, ,Sacramento, CA 95821"
"3,295,000","5bd,5ba","5,527 (on 1 acre)","488 Crocker Rd,, ,Sacramento, CA 95864"
"799,000",,6555 Watt Ave,"6555 Watt Ave,, ,North Highlands, CA 95660"
"499,000",,2625 Belport Ln,"2625 Belport Ln,, ,Sacramento, CA 95821"
"350,000","3bd,2ba","1,051","6 Bluestone Ct,, ,Sacramento, CA 95824"
"825,000","2bd,1ba","1,478 (on 1 acre)","3661 Fair Oaks Blvd,, ,Sacramento, CA 95864"
"325,000","2bd,1ba",524,"4309 W Nichols Ave,, ,Sacramento, CA 95820"
"1,450,000","3bd,2ba","1,250 (on 5 acres)","3150 I St,, ,North Highlands, CA 95660"
"369,000","3bd,2ba","1,151","2330 Mangrum Ave,, ,Sacramento, CA 95822"
"559,900","4bd,3ba","2,017","1806 Yellowwood Ave,, ,Sacramento, CA 95834"
"5,200,000","6bd,9ba","10,000 (on 1.50 acres)","630 Laurel Dr,, ,Sacramento, CA 95864"
"795,000",2bd,"3,100","1809 V St,, ,Sacramento, CA 95818"
"399,000",4bd,"1,639","6401 Dallas Way,, ,Sacramento, CA 95823"
"732,990+","4bd,4ba","3,312","Lapis at Barrett Ranch,, ,Antelope, CA 95843"
"567,990+","3bd,2ba","1,603","Garnet at Barrett Ranch,, ,Antelope, CA 95843"
"575,990+","4bd,2ba","1,880","Garnet at Barrett Ranch,, ,Antelope, CA 95843"
"618,990+","5bd,3ba","2,617","Garnet at Barrett Ranch,, ,Antelope, CA 95843"
"599,990+","4bd,3ba","2,365","Garnet at Barrett Ranch,, ,Antelope, CA 95843"
"640,990+","5bd,3ba","2,874","Lapis at Barrett Ranch,, ,Antelope, CA 95843"
"595,000","3bd,2ba","1,644","1464 Arvilla Dr,, ,Sacramento, CA 95822"
"1,199,000","3bd,3ba","2,672","801 36th St,, ,Sacramento, CA 95816"
"950,000","3bd,3ba","2,414","47 Lupine Way,, ,Sacramento, CA 95819"
"688,000","2bd,2ba","1,196","1100 56th St,, ,Sacramento, CA 95819"
"895,000","4bd,3ba","2,511","5 Adler Cir,, ,Sacramento, CA 95864"
"359,000",,7001 34th St,"7001 34th St,, ,North Highlands, CA 95660"
"500,000","5bd,3ba","2,338","9804 Bexley Dr,, ,Sacramento, CA 95827"
"679,990+","5bd,3ba","3,175","Lapis at Barrett Ranch,, ,Antelope, CA 95843"
"586,990+","4bd,3ba","2,145","Lapis at Barrett Ranch,, ,Antelope, CA 95843"
"585,990+","3bd,2ba","1,950","Lapis at Barrett Ranch,, ,Antelope, CA 95843"
"205,000",,3125 Academy Way,"3125 Academy Way,, ,Sacramento, CA 95815"
"399,000","5bd,3ba","1,626","3704 21st Ave,, ,Sacramento, CA 95820"
"520,000","6bd,3ba","1,848","6115 37th St,, ,Sacramento, CA 95824"
"1,695,000","5bd,4ba","3,056 (on 1 acre)","3630 Winding Creek Rd,, ,Sacramento, CA 95864"
"449,888","4bd,2ba","1,590","8419 Turbo Ct,, ,Sacramento, CA 95828"
"539,000","3bd,2ba","1,650","5549 Dorset Way,, ,Sacramento, CA 95822"
"950,000","4bd,3ba","2,038","5010 Jennings Way,, ,Sacramento, CA 95819"
"545,000","5bd,3ba","2,136","8400 Palmerson Dr,, ,Antelope, CA 95843"
"464,900","2bd,1ba","1,030","3417 V St,, ,Sacramento, CA 95817"
"335,000",3bd,"1,350","1740 North Ave,, ,Sacramento, CA 95838"
"394,900","2bd,3ba","1,065","2532 Prosper Rd,, ,Sacramento, CA 95834"
"420,000",2bd,"1,995","7401 Salford St,, ,Sacramento, CA 95822"
"325,000",4bd,"2,365","2016 10th St,, ,Sacramento, CA 95818"
"838,000","4bd,2ba","2,400","915 30th St,, ,Sacramento, CA 95816"
"488,800","3bd,3ba","2,067","2536 47th Ave,, ,Sacramento, CA 95822"
"580,000","4bd,3ba","2,141","8517 Sutter Creek Way,, ,Antelope, CA 95843"
"297,188","3bd,1ba","1,032","136 Redondo Ave,, ,Sacramento, CA 95815"
"649,000",2bd,"1,746","2000 61st St,, ,Sacramento, CA 95817"
"469,000","3bd,1ba",900,"5681 13th Ave,, ,Sacramento, CA 95820"
"555,000","2bd,3ba","1,464","2537 Villa Terrace Ln,, ,Sacramento, CA 95825"
"499,000","4bd,3ba","1,871","5479 Nickman Way,, ,Sacramento, CA 95835"
"495,000",3bd,"1,956","1814 Iris Ave,, ,Sacramento, CA 95815"
"33,988,500",,3871 Del Paso Rd,"3871 Del Paso Rd,, ,Sacramento, CA 95834"
"98,000",,Citrus Ave,"Citrus Ave,, ,Sacramento, CA 95823"
"2,999,000",,1 Poker Ln,"1 Poker Ln,, ,Antelope, CA 95843"
"2,250,000",,7800 Bradshaw Rd,"7800 Bradshaw Rd,, ,Sacramento, CA 95829"
"75,000",2bd,655,"705 Lampasas Ave,, ,Sacramento, CA 95815"
"825,000",3bd,"3,008","3208 2nd Ave,, ,Sacramento, CA 95817"
"439,500","3bd,2ba","2,000","7380 Putnam Way,, ,Sacramento, CA 95822"
"365,000","3bd,2ba","1,075","3607 Binghamton Dr,, ,Sacramento, CA 95834"
"539,000","3bd,3ba","1,898","8275 Holly Jill Way,, ,Sacramento, CA 95823"
"799,888","4bd,3ba","2,066","3400 Riverside Blvd,, ,Sacramento, CA 95818"
"749,950","2bd,2ba","1,383","4308 G St,, ,Sacramento, CA 95819"
"320,000","3bd,1ba","1,087","224 Bonfield Way,, ,Sacramento, CA 95838"
"666,990+","5bd,4ba","2,968","Watersyde at Northlake,, ,Sacramento, CA 95835"
"679,000","3bd,2ba","1,540","3445 Forney Way,, ,Sacramento, CA 95816"
"535,000","3bd,1ba","1,101","3225 58th St,, ,Sacramento, CA 95820"
"500,000","3bd,2ba","1,952","8921 Gold Leaf Way,, ,Sacramento, CA 95826"
"374,000","3bd,1ba","1,193","7465 Candlewood Way,, ,Sacramento, CA 95822"
"515,000","3bd,2ba","1,637","8145 Silverleaf Way,, ,Sacramento, CA 95829"
"535,990+","3bd,3ba","1,945","Shor at Northlake,, ,Sacramento, CA 95835"
"573,990+","4bd,3ba","2,190","Shor at Northlake,, ,Sacramento, CA 95835"
"598,950","3bd,3ba","1,931","7246 Harbor Light Way,, ,Sacramento, CA 95831"
"375,000","3bd,1ba","1,086","5149 Cabot Cir,, ,Sacramento, CA 95820"
"80,000","2bd,2ba",960,"6025 Dias Ave #74,, ,Sacramento, CA 95824"
"399,000","2bd,2ba","1,528","2830 32nd Ave,, ,Sacramento, CA 95824"
"715,000","2bd,3ba","1,675","3005 U St,, ,Sacramento, CA 95817"
"715,000","2bd,3ba","1,675","3003 U St,, ,Sacramento, CA 95817"
"745,000","3bd,3ba","1,675","2031 U St,, ,Sacramento, CA 95818"
"69,000","2bd,2ba","1,440","5040 Jackson St #22,, ,North Highlands, CA 95660"
"1,156,641","4bd,3ba","2,202","5211 F St,, ,Sacramento, CA 95819"
"799,000",2bd,"1,026 (on 10 acres)","9206 Gerber Rd,, ,Sacramento, CA 95829"
"799,999","3bd,2ba","2,279","2705 P St,, ,Sacramento, CA 95816"
"2,295,000","5bd,5ba","5,212 (on 0.25 acres)","3380 Sierra Oaks Dr,, ,Sacramento, CA 95864"
"249,000","2bd,1ba",956,"101 Del Verde Cir #2,, ,Sacramento, CA 95833"
"94,900","2bd,2ba","1,100","6219 Lurline Ave #113,, ,Sacramento, CA 95841"
"150,000",,1230 Ciric Way,"1230 Ciric Way,, ,Sacramento, CA 95833"
"1,200,000","3bd,3ba","2,755 (on 13 acres)","8675 River Rd,, ,Sacramento, CA 95832"
"435,000","4bd,2ba","1,363","7704 Mimosa Way,, ,Sacramento, CA 95828"
"9,220,000",,Metro Air Pkwy,"Metro Air Pkwy,, ,Sacramento, CA 95837"
"250,000",,3241 West St,"3241 West St,, ,Sacramento, CA 95817"
"339,000","3bd,2ba","1,008","4116 Wheatley Cir,, ,Sacramento, CA 95838"
"1,150,000",4bd,"2,503","2816 F St,, ,Sacramento, CA 95816"
"549,900","5bd,3ba","1,953","6131 Jacinto Ave,, ,Sacramento, CA 95823"
"389,888","3bd,2ba","1,129","6528 Larry Way,, ,North Highlands, CA 95660"
"1,650,000","5bd,4ba","4,205 (on 0.50 acres)","497 Crocker Rd,, ,Sacramento, CA 95864"
"625,000",6bd,"2,233","3920 Plainsfield Way,, ,Sacramento, CA 95821"
"125,000","3bd,2ba","1,400","122 Village Cir,, ,Sacramento, CA 95838"
"701,990+","4bd,3ba","2,869","Crestvue at Northlake,, ,Sacramento, CA 95835"
"592,990+","4bd,3ba","2,469","Watersyde at Northlake,, ,Sacramento, CA 95835"
"586,990+","4bd,3ba","2,307","Watersyde at Northlake,, ,Sacramento, CA 95835"
"762,990+","4bd,4ba","3,312","Drifton at Northlake,, ,Sacramento, CA 95835"
"571,990+","3bd,3ba","2,114","Lakelet at Northlake,, ,Sacramento, CA 95835"
"524,990+","3bd,3ba","1,774","Shor at Northlake,, ,Sacramento, CA 95835"
"777,990+","5bd,4ba","3,391","Atla at Northlake,, ,Sacramento, CA 95835"
"370,000","2bd,2ba","1,500","6201 Orange Ave,, ,Sacramento, CA 95823"
"55,999","2bd,1ba",780,"10035 Mills Station Rd #16,, ,Sacramento, CA 95827"
"440,000",Studio,"2,057","8505 German Dr,, ,Sacramento, CA 95828"
"875,000","4bd,3ba","2,715","1216 27th St,, ,Sacramento, CA 95816"
"74,900","3bd,2ba","1,368","5040 Jackson St #110,, ,North Highlands, CA 95660"
"418,000","2bd,1ba",984,"4180 73rd St,, ,Sacramento, CA 95820"
"685,000","4bd,3ba","2,444","5504 Lackland Way,, ,Sacramento, CA 95835"
"799,000",4bd,"3,240","1141 Grand Ave,, ,Sacramento, CA 95838"
"1,990,000","3bd,4ba","3,507 (on 1 acre)","1821 Rockwood Dr,, ,Sacramento, CA 95864"
"349,900","3bd,2ba","1,206","3614 Cypress St,, ,Sacramento, CA 95838"
"637,990+","5bd,3ba","2,620","Wavmor at Northlake,, ,Sacramento, CA 95835"
"631,990+","4bd,3ba","2,268","Crestvue at Northlake,, ,Sacramento, CA 95835"
"796,990+","5bd,5ba","3,647","Atla at Northlake,, ,Sacramento, CA 95835"
"215,000","1bd,1ba",344,"2241 Morell St,, ,Sacramento, CA 95833"
"335,000","3bd,2ba","1,505","46 Sun Shower Pl,, ,Sacramento, CA 95823"
"1,275,000","4bd,3ba","2,350","1445 Garden Hwy,, ,Sacramento, CA 95833"
"1,275,000","4bd,3ba","2,350","1433 Garden Hwy,, ,Sacramento, CA 95833"
"1,290,000","3bd,3ba","2,226","1441 Garden Hwy,, ,Sacramento, CA 95833"
"465,000","3bd,2ba","1,358","6504 75th St,, ,Sacramento, CA 95828"
"499,000",Studio,841,"5140 42nd St,, ,Sacramento, CA 95820"
"249,000","3bd,2ba","1,278","Address Not Disclosed,, ,Sacramento, CA 95820"
"388,000",,1 (on 1 acre),"7309 Power Inn Rd,, ,Sacramento, CA 95828"
"419,000","3bd,2ba","1,363","7724 Mimosa Way,, ,Sacramento, CA 95828"
"419,000","3bd,2ba","1,363","7720 Mimosa Way,, ,Sacramento, CA 95828"
"455,000","4bd,3ba","1,582","7412 Mimosa Way,, ,Sacramento, CA 95828"
"419,000","3bd,2ba","1,363","7508 Mimosa Way,, ,Sacramento, CA 95828"
"435,000","4bd,2ba","1,477","7700 Mimosa Way,, ,Sacramento, CA 95828"
"899,900","6bd,4ba","2,819 (on 4 acres)","8611 Carlisle Ave,, ,Sacramento, CA 95828"
"649,444","4bd,2ba","2,490","3524 Valwood Ct,, ,Sacramento, CA 95821"
"384,000","4bd,2ba","1,261","7544 Candlewood Way,, ,Sacramento, CA 95822"
"829,000","5bd,3ba","2,930","170 Dnieper River Way,, ,Sacramento, CA 95834"
"370,000",,1049 E Landing Way,"1049 E Landing Way,, ,Sacramento, CA 95831"
"317,400","2bd,2ba","1,173","5613 Zoram Ct,, ,Sacramento, CA 95841"
"707,000","3bd,3ba","2,890","10005 Geode Ct,, ,Sacramento, CA 95829"
"621,990+","4bd,4ba","2,362","Lakelet at Northlake,, ,Sacramento, CA 95835"
"575,990+","3bd,3ba","2,134","Wavmor at Northlake,, ,Sacramento, CA 95835"
"554,990+","4bd,3ba","2,018","Shor at Northlake,, ,Sacramento, CA 95835"
"673,990+","4bd,3ba","2,679","Crestvue at Northlake,, ,Sacramento, CA 95835"
"698,990+","4bd,3ba","2,632","Atla at Northlake,, ,Sacramento, CA 95835"
"637,990+","5bd,3ba","2,620","Wavmor at Northlake,, ,Sacramento, CA 95835"
"704,990+","5bd,3ba","3,104","Drifton at Northlake,, ,Sacramento, CA 95835"
"225,000","2bd,1ba",840,"4716 Greenholme Dr #2,, ,Sacramento, CA 95842"
"149,900",,1403 Rene Ave,"1403 Rene Ave,, ,Sacramento, CA 95838"
"375,000",,7635 Bridgeview Dr,"7635 Bridgeview Dr,, ,Sacramento, CA 95831"
"50,000","2bd,2ba","1,200","5040 Jackson St #9,, ,North Highlands, CA 95660"
"269,000","1bd,1ba",718,"6241 Riverside Blvd #203,, ,Sacramento, CA 95831"
"419,900","3bd,2ba","1,330","7936 Richion Dr,, ,Sacramento, CA 95823"
"704,990+","5bd,3ba","3,104","Drifton at Northlake,, ,Sacramento, CA 95835"
"600,990+","4bd,3ba","2,394","Wavmor at Northlake,, ,Sacramento, CA 95835"
"592,990+","4bd,3ba","2,469","Watersyde at Northlake,, ,Sacramento, CA 95835"
"788,990+","5bd,4ba","3,425","Drifton at Northlake,, ,Sacramento, CA 95835"
"664,990+","4bd,3ba","2,727","Bleau at Northlake,, ,Sacramento, CA 95835"
"586,990+","4bd,3ba","2,307","Watersyde at Northlake,, ,Sacramento, CA 95835"
"489,000",2bd,"1,981","5516 Towhee Way,, ,Sacramento, CA 95842"
"1,039,000","3bd,3ba","2,224","3339 McKinley Village Way,, ,Sacramento, CA 95816"
"1,030,000","4bd,4ba","2,468 (on 0.50 acres)","900 Watt Ave,, ,Sacramento, CA 95864"
"289,000","4bd,3ba","1,685","7504 Williwaw Ln,, ,Sacramento, CA 95828"
"365,000","3bd,1ba","1,273","4204 43rd Ave,, ,Sacramento, CA 95824"
"1,587,770","2bd,3ba","1,503","500 J St #1505,, ,Sacramento, CA 95814"
"1,335,000",2bd,"4,732","2126 I St,, ,Sacramento, CA 95816"
"359,900","3bd,2ba","1,075","7045 Farmington Way,, ,Sacramento, CA 95828"
"419,000","3bd,2ba","1,363","7716 Mimosa Way,, ,Sacramento, CA 95828"
"430,000",3bd,"2,196 (on 1 acre)","4590 Perry Ave,, ,Sacramento, CA 95820"
"1,200,000",2bd,2524 J St,"2524 J St,, ,Sacramento, CA 95816"
"475,000",,Montgomery Way,"Montgomery Way,, ,Sacramento, CA 95818"
"130,000",,2590 American Ave,"2590 American Ave,, ,Sacramento, CA 95833"
"1,695,000","2bd,2ba","2,092","1818 L St #812,, ,Sacramento, CA 95811"
"900,000",Studio,"1,900 (on 0.25 acres)","8921 Canberra Dr,, ,Sacramento, CA 95826"
"129,999",3bd,864,"3701 16th Ave,, ,Sacramento, CA 95820"
"450,000",2bd,"1,598","4100 15th Ave,, ,Sacramento, CA 95820"
"399,000","3bd,1ba","1,210","3001 62nd St,, ,Sacramento, CA 95820"
"327,000","3bd,1ba",888,"2780 Wood Violet Way,, ,Sacramento, CA 95822"
"439,900","3bd,2ba","1,632","2310 Tamarack Way,, ,Sacramento, CA 95821"
"660,990+","4bd,4ba","2,786","Wavmor at Northlake,, ,Sacramento, CA 95835"
"109,900",,6307 Requa Way,"6307 Requa Way,, ,Sacramento, CA 95823"
"629,900","4bd,3ba","2,447","4963 Crest Dr,, ,Sacramento, CA 95835"
"499,900","3bd,3ba","1,681","560 Candela Cir,, ,Sacramento, CA 95835"
"535,000","4bd,3ba","1,992","8414 Cassatt Way,, ,Sacramento, CA 95828"
"625,000",3bd,"2,551","5609 Odea Dr,, ,Sacramento, CA 95824"
"69,500","2bd,1ba",800,"6317 Bonanza Dr #110,, ,Sacramento, CA 95842"
"498,000","4bd,2ba","1,811","3980 Sierra Vista Ave,, ,Sacramento, CA 95820"
"184,900","2bd,1ba",933,"5738 Hillsdale Blvd,, ,Sacramento, CA 95842"
"894,900",,3800 Robertson Ave,"3800 Robertson Ave,, ,Sacramento, CA 95821"
"1,699,000",6bd,"4,735","512 10th St,, ,Sacramento, CA 95814"
"122,000","3bd,2ba","1,002","8213 Tiki Ln,, ,Sacramento, CA 95828"
"595,888","3bd,3ba","2,400","8263 Bedford Cove Way,, ,Sacramento, CA 95828"
"571,990+","3bd,3ba","2,114","Lakelet at Northlake,, ,Sacramento, CA 95835"
"762,990+","4bd,4ba","3,312","Drifton at Northlake,, ,Sacramento, CA 95835"
"643,990+","5bd,4ba","2,804","Watersyde at Northlake,, ,Sacramento, CA 95835"
"701,990+","4bd,3ba","2,869","Crestvue at Northlake,, ,Sacramento, CA 95835"
"621,990+","4bd,4ba","2,362","Lakelet at Northlake,, ,Sacramento, CA 95835"
"822,990+","5bd,5ba","3,940","Atla at Northlake,, ,Sacramento, CA 95835"
"1,095,000","3bd,2ba","1,720 (on 0.50 acres)","800 Larch Ln,, ,Sacramento, CA 95864"
"400,000","3bd,2ba","1,184","7884 Richion Dr,, ,Sacramento, CA 95823"
"400,000","3bd,2ba","1,184","7892 Richion Dr,, ,Sacramento, CA 95823"
"400,000","4bd,2ba","1,362","135 Danville Way,, ,Sacramento, CA 95838"
"550,000","2bd,1ba",666 (on 0.25 acres),"350 Bannon St,, ,Sacramento, CA 95811"
"429,000","Studio,2ba","1,488","2223 Marconi Ave,, ,Sacramento, CA 95821"
"3,999,995",18bd,2512 28th Ave,"2512 28th Ave,, ,Sacramento, CA 95822"
"2,950,000",,49 Florin Rd,"49 Florin Rd,, ,Sacramento, CA 95829"
"699,000","3bd,2ba","1,221 (on 3 acres)","8099 E Stockton Blvd,, ,Sacramento, CA 95823"
"859,000","3bd,1ba",960 (on 1.75 acres),"8095 E Stockton Blvd,, ,Sacramento, CA 95823"
"279,000",,2565 Howe Ave,"2565 Howe Ave,, ,Sacramento, CA 95821"
"75,000",,1,"2768 Oakmont St,, ,Sacramento, CA 95815"
"475,000","3bd,3ba","1,991","165 Grace Ave,, ,Sacramento, CA 95838"
"532,900","2bd,1ba","1,230","1111 Yale St,, ,Sacramento, CA 95818"
"699,000","3bd,1ba","1,340","1940 Markham Way,, ,Sacramento, CA 95818"
"97,900","2bd,2ba","1,248","3950 Mack Rd #130,, ,Sacramento, CA 95823"
"540,000","2bd,1ba","1,028","2215 22nd St,, ,Sacramento, CA 95818"
"411,000","3bd,2ba","1,200","5244 Fernwood Way,, ,Sacramento, CA 95841"
"215,000","2bd,1ba",840,"4536 Greenholme Dr #2,, ,Sacramento, CA 95842"
"449,000","2bd,1ba",879,"1200 33rd St,, ,Sacramento, CA 95816"
"399,990","3bd,2ba","1,532","7333 Hutchins Way,, ,North Highlands, CA 95660"
"132,000","3bd,2ba","1,196","4120 Vicksburg Ln,, ,North Highlands, CA 95660"
"399,900","3bd,1ba","1,093","3253 Ofarrell Dr,, ,Sacramento, CA 95815"
"374,900","4bd,3ba","1,510","1141 Rivara Cir,, ,Sacramento, CA 95864"
"499,888","3bd,2ba","1,441","8074 Squirewood Ct,, ,Sacramento, CA 95828"
"450,000","4bd,3ba","1,916 (on 0.25 acres)","30 Loma Mar Ct,, ,Sacramento, CA 95828"
"825,000","4bd,3ba","2,378","322 Tomato Aly,, ,Sacramento, CA 95818"
"499,900","3bd,1ba","1,108","5424 Harte Way,, ,Sacramento, CA 95822"
"345,000","2bd,2ba","1,302","2505 47th Ave,, ,Sacramento, CA 95822"
"395,000","2bd,1ba",944,"5910 19th Ave,, ,Sacramento, CA 95820"
"415,000","4bd,2ba","1,617","3513 26th Ave,, ,Sacramento, CA 95820"
"375,000","3bd,2ba","1,324","7629 Lytle St,, ,Sacramento, CA 95832"
"666,990+","5bd,4ba","2,968","Watersyde at Northlake,, ,Sacramento, CA 95835"
"747,990+","5bd,5ba","3,178","Crestvue at Northlake,, ,Sacramento, CA 95835"
"1,895,000","4bd,3ba","2,811","2383 5th Ave,, ,Sacramento, CA 95818"
"2,200,000",8bd,"5,232","3503 22nd St,, ,Sacramento, CA 95818"
"499,900","2bd,1ba",933,"1408 63rd St,, ,Sacramento, CA 95819"
"675,000",4bd,"3,612","109 Nedra Ct,, ,Sacramento, CA 95822"
"395,000","3bd,2ba","1,324","15 Keely Ct,, ,Sacramento, CA 95838"
"699,000",,5230 Excelsior Rd,"5230 Excelsior Rd,, ,Sacramento, CA 95827"
"50,000",,540,"2762 Oakmont St,, ,Sacramento, CA 95815"
"1,490,000","5bd,7ba","4,149 (on 0.75 acres)","1020 Wellworth Ln,, ,Sacramento, CA 95864"
"2,149,000",6bd,"3,900","2626 J St,, ,Sacramento, CA 95816"
"1,585,000",2bd,"1,000","1317 H St,, ,Sacramento, CA 95814"
"109,000",,7244 Frasinetti Rd,"7244 Frasinetti Rd,, ,Sacramento, CA 95828"
"399,000",3bd,"1,440 (on 4.50 acres)","6440 34th St,, ,North Highlands, CA 95660"
"799,000",,Watt Ave,"Watt Ave,, ,North Highlands, CA 95660"
"450,000",,34th St,"34th St,, ,North Highlands, CA 95660"
"679,000","3bd,2ba","1,540","3445 Forney Way,, ,Sacramento, CA 95816"
"559,000","3bd,2ba","1,533","6611 14th St,, ,Sacramento, CA 95831"
"631,000","4bd,2ba","1,836 (on 0.25 acres)","6545 Riverside Blvd,, ,Sacramento, CA 95831"
"1,290,888",,Lenhart Rd,"Lenhart Rd,, ,Sacramento, CA 95828"
"379,000","4bd,2ba","1,253","1570 Glidden Ave,, ,Sacramento, CA 95822"
"659,000","4bd,3ba","2,791","1741 Baines Ave,, ,Sacramento, CA 95835"
"430,000","3bd,2ba","1,350","3704 Pullman Dr,, ,Sacramento, CA 95827"
"390,000","4bd,3ba","1,576","4617 Lantana Ave,, ,Sacramento, CA 95824"
"439,995","3bd,2ba","1,588","7421 Widener Way,, ,Sacramento, CA 95842"
"479,000","3bd,2ba","1,500","8134 Kingsbridge Dr,, ,Sacramento, CA 95829"
"459,000","3bd,2ba","1,627","3178 Doroteo Way,, ,Sacramento, CA 95833"
"419,000","3bd,2ba","1,460","1412 Youngs Ave,, ,Sacramento, CA 95838"
"680,000","5bd,3ba","3,753","8825 Sailfish Bay Cir,, ,Sacramento, CA 95828"
"299,000","3bd,2ba","1,122","5844 Peppermill Ct #4,, ,Sacramento, CA 95841"
"425,000","3bd,3ba","1,784","7828 Abramo Walk,, ,Sacramento, CA 95823"
"579,000","4bd,2ba","1,714","7959 Roseview Way,, ,Sacramento, CA 95828"
"300,000","2bd,2ba","1,242","4902 Whisper Ln #6B,, ,Sacramento, CA 95841"
"860,000","5bd,3ba","3,464","8238 Jose Bento Way,, ,Sacramento, CA 95829"
"1,375,000","4bd,5ba","3,823","414 16th St,, ,Sacramento, CA 95814"
"499,000","4bd,2ba","1,689","8170 Padova Ct,, ,Sacramento, CA 95829"
"399,000","3bd,2ba","1,402","9785 Woodhollow Way,, ,Sacramento, CA 95827"
"399,500","3bd,2ba","1,302","2011 Bonavista Way,, ,Sacramento, CA 95832"
"424,900","3bd,2ba","1,340","2306 Loma Vista Dr,, ,Sacramento, CA 95825"
"3,600,000","6bd,5ba","5,521 (on 20 acres)","9005 River Rd,, ,Sacramento, CA 95832"
"788,888",,"588,060 (on 13.50 acres)","9375 Calvine Rd,, ,Sacramento, CA 95829"
"399,999","3bd,1ba","1,200","4424 12th Ave,, ,Sacramento, CA 95820"
"336,000","4bd,2ba","1,623","536 Santiago Ave,, ,Sacramento, CA 95815"
"10,000,000","4bd,4ba","2,855","6825 Fleming Ave,, ,Sacramento, CA 95828"
"1,400,000",6bd,"4,213","2545 28th St,, ,Sacramento, CA 95818"
"774,999","5bd,3ba","3,331","3930 Balverne Ct,, ,Antelope, CA 95843"
"1,359,000","4bd,3ba","2,033","733 36th St,, ,Sacramento, CA 95816"
"715,000","4bd,3ba","2,582 (on 0.25 acres)","4205 Fair Oaks Blvd,, ,Sacramento, CA 95864"
"650,000","4bd,3ba","1,930 (on 0.50 acres)","1116 Main Ave,, ,Sacramento, CA 95838"
"539,888","4bd,2ba","1,755","8155 Caymus Dr,, ,Sacramento, CA 95829"
"925,000",2bd,"1,784","429 13th St,, ,Sacramento, CA 95814"
"439,700","4bd,2ba","1,590","8310 Daylight Ct,, ,Sacramento, CA 95828"
"125,000","4bd,2ba","1,404","7602 Rincon Villa Ln,, ,Sacramento, CA 95828"
"2,200,000","6bd,6ba","6,435 (on 2.50 acres)","9650 River Rd,, ,Sacramento, CA 95832"
"539,950","6bd,2ba","2,300","2841 Del Paso Blvd,, ,Sacramento, CA 95815"
"630,000","5bd,3ba","2,567","4808 Windsong St,, ,Sacramento, CA 95834"
"347,000","3bd,2ba","1,039","4818 Ortega St,, ,Sacramento, CA 95820"
"1,579,000","5bd,4ba","4,250 (on 0.25 acres)","855 Piccadilly Cir,, ,Sacramento, CA 95864"
"959,000","3bd,3ba","2,031","1470 52nd St,, ,Sacramento, CA 95819"
"785,000",4bd,789 Carro Dr,"789 Carro Dr,, ,Sacramento, CA 95825"
"347,500","3bd,2ba","1,696","421 Curran Ave,, ,Sacramento, CA 95833"
"2,400,000",3bd,"6,186","1317 G St,, ,Sacramento, CA 95814"
"325,000","3bd,2ba","1,410","8157 Judette Ave,, ,Sacramento, CA 95828"
"390,000","3bd,2ba","1,477","6905 Milbrook Way,, ,Sacramento, CA 95823"
"674,000","3bd,2ba","1,261","1029 Yale St,, ,Sacramento, CA 95818"
"950,000","4bd,3ba","2,072","2721 D St,, ,Sacramento, CA 95816"
"675,000","3bd,3ba","2,317 (on 0.50 acres)","7297 Gardner Ave,, ,Sacramento, CA 95828"
"475,000","3bd,2ba","2,400","3960 Pasadena Ave,, ,Sacramento, CA 95821"
"760,000","3bd,2ba","2,386 (on 0.50 acres)","3201 Mountain View Ave,, ,Sacramento, CA 95821"
"42,000","2bd,1ba",770,"5040 Jackson St #89,, ,North Highlands, CA 95660"
"2,495,000","6bd,8ba","7,600 (on 1 acre)","545 Wilhaggin Dr,, ,Sacramento, CA 95864"
"369,000","3bd,2ba","1,152","7466 Sylvia Way,, ,Sacramento, CA 95822"
"725,000","3bd,3ba","1,630","3341 Forney Way,, ,Sacramento, CA 95816"
"673,000","3bd,2ba","1,438","101 40th St,, ,Sacramento, CA 95819"
"669,990",2bd,"1,538","2817 Marshall Way,, ,Sacramento, CA 95818"
"1,899,999","6bd,4ba","3,419 (on 10 acres)","8171 Excelsior Rd,, ,Sacramento, CA 95829"
"2,800,000","4bd,2ba","1,412 (on 4.25 acres)","7150 Pocket Rd,, ,Sacramento, CA 95831"
"618,278","3bd,3ba","1,900","8220 Virtue Way,, ,Sacramento, CA 95829"
"1,245,000","4bd,3ba","2,316 (on 0.75 acres)","913 Piedmont Dr,, ,Sacramento, CA 95822"
"3,500,000","4bd,4ba","4,700 (on 138.75 acres)","8850 River Rd,, ,Sacramento, CA 95832"
"480,000","4bd,2ba","2,025","4717 36th St,, ,Sacramento, CA 95820"
"1,740,000","2bd,1ba",570 (on 14.75 acres),"9384 Florin Rd,, ,Sacramento, CA 95829"
"2,300,000","4bd,3ba","2,002 (on 5.50 acres)","9230 Florin Rd,, ,Sacramento, CA 95829"
"329,000","4bd,2ba","1,596","3255 Belmont Way,, ,Sacramento, CA 95815"
"248,989",,8040 Augusta Way,"8040 Augusta Way,, ,Sacramento, CA 95828"
"425,000","2bd,1ba","2,149","354 Bannon St,, ,Sacramento, CA 95811"
"2,300,000",,San Juan Rd,"San Juan Rd,, ,Sacramento, CA 95833"
"2,375,000",,10076 Florin Rd,"10076 Florin Rd,, ,Sacramento, CA 95829"
"85,000","2bd,2ba","1,060","7472 Heliotrope Ln,, ,Sacramento, CA 95828"
"639,000",1bd,420 Cleveland Ave,"420 Cleveland Ave,, ,Sacramento, CA 95833"
"100,000",,310 Nimitz St,"310 Nimitz St,, ,Sacramento, CA 95838"
"2,500,000",5bd,"2,457 (on 6.50 acres)","7901 Stevenson Ave,, ,Sacramento, CA 95828"
"250,000",2bd,919,"3255 West St,, ,Sacramento, CA 95817"
"1,750,000","4bd,2ba","2,518 (on 10 acres)","9494 Florin Rd,, ,Sacramento, CA 95829"
"488,000","3bd,3ba","1,873","9234 Glenayle Pl,, ,Elk Grove, CA 95758"
"699,000","4bd,3ba","2,189","9463 Crowell Dr,, ,Elk Grove, CA 95624"
"399,999","4bd,3ba","1,674 (on 0.25 acres)","7330 Eagle Rd,, ,Fair Oaks, CA 95628"
"459,000","3bd,2ba","1,593","1340 Blossom Hill Way,, ,Roseville, CA 95661"
"419,000","3bd,2ba","1,456","9893 Vista Grande Way,, ,Elk Grove, CA 95624"
"549,900","3bd,3ba","1,819 (on 0.25 acres)","7325 Eagle Rd,, ,Fair Oaks, CA 95628"
"550,000","4bd,2ba","1,820 (on 0.25 acres)","8906 Mariposa Ave,, ,Roseville, CA 95661"
"641,900","3bd,2ba","1,567","5104 Cleveland Bay Way,, ,Elk Grove, CA 95757"
"459,900","4bd,2ba","1,473","234 Lion Heart Ct,, ,Rio Linda, CA 95673"
"449,000","3bd,3ba","1,654","12 Coyle Creek Cir,, ,Fair Oaks, CA 95628"
"449,000","3bd,2ba","1,230","7820 Katella Way,, ,Citrus Heights, CA 95621"
"899,000","3bd,3ba","2,172 (on 2 acres)","10290 Sheldon Rd,, ,Elk Grove, CA 95624"
"575,000","4bd,3ba","1,880","5103 Tonya Way,, ,Carmichael, CA 95608"
"319,000","2bd,1ba",823,"200 Placer St,, ,Roseville, CA 95678"
"470,000","3bd,2ba","1,430","1107 William Way,, ,Roseville, CA 95678"
"500,000","3bd,2ba","1,451","8714 Spring House Way,, ,Elk Grove, CA 95624"
"775,000","5bd,3ba","2,847","8872 White Peacock Ct,, ,Elk Grove, CA 95624"
"775,000","4bd,3ba","2,482","1908 Bastona Dr,, ,Elk Grove, CA 95758"
"439,900","3bd,2ba","1,520","2113 Danbury Way,, ,Rancho Cordova, CA 95670"
"569,900","3bd,2ba","1,574","9437 Loire Valley Way,, ,Elk Grove, CA 95624"
"350,000","3bd,2ba","1,269","6112 Oakside Dr,, ,Citrus Heights, CA 95621"
"539,000","3bd,2ba","1,701","5230 Ridgegate Way,, ,Fair Oaks, CA 95628"
"569,000","4bd,3ba","1,896","9428 Windy River Ln,, ,Elk Grove, CA 95758"
"515,000","3bd,2ba","1,599","9839 Amenity Cir,, ,Elk Grove, CA 95624"
"450,000","4bd,2ba","1,531","2273 Cervantes Dr,, ,Rancho Cordova, CA 95670"
"519,900","3bd,2ba","1,430","4900 Boyd Dr,, ,Carmichael, CA 95608"
"369,900","2bd,2ba","1,281","2637 Independence Ave,, ,West Sacramento, CA 95691"
"799,000","4bd,4ba","3,152","9867 Cape Verde Dr,, ,Elk Grove, CA 95757"
"485,000","3bd,2ba","1,262","1909 Yarnell Way,, ,Elk Grove, CA 95758"
"395,000","2bd,1ba",768,"410 Berkeley Ave,, ,Roseville, CA 95678"
